,HE_1_10,HE_2_10,HE_3_10,CSPA_1_10,CSPA_2_10,CSPA_3_10,Aver_1_10,Aver_2_10,Aver_3_10,desikan_average_none_none,destrieux_average_none_none
0,12.729067848629917,9.789191833365104,7.6677542191168016,13.630708736101287,12.831007849886186,12.539927010050198,12.780879570542128,9.904919498975849,8.175128194329199,9.229999913612945,7.353952489419756
