,HE_1_10,HE_2_10,HE_3_10,CSPA_1_10,CSPA_2_10,CSPA_3_10,Aver_1_10,Aver_2_10,Aver_3_10,desikan_average_none_none,destrieux_average_none_none
0,12.558579533255005,9.198009680396016,7.1619138986883035,13.692705816360153,12.658122566640039,12.343778313560856,12.595163346109937,9.389915704825139,7.623603993390024,8.774794820242478,6.903969347121152
