,HE_1_10,HE_2_10,HE_3_10,CSPA_1_10,CSPA_2_10,CSPA_3_10,Aver_1_10,Aver_2_10,Aver_3_10,desikan_average_none_none,destrieux_average_none_none
0,11.77536904111874,8.600684188165951,6.782182899338673,12.806030455520556,11.947794034303245,11.711102573529464,11.87388635776689,8.91792679575716,7.2044190264828245,8.487226076436372,6.658985798667459
