,HE_1_10,HE_2_10,HE_3_10,CSPA_1_10,CSPA_2_10,CSPA_3_10,Aver_1_10,Aver_2_10,Aver_3_10,desikan_average_none_none,destrieux_average_none_none
0,13.19028522021653,9.773854196996554,7.699387239427674,14.497006669972327,13.347421022751341,12.774084362493584,13.355528451182423,10.060388757768214,8.24286587794455,9.591553610799082,7.58981249509382
