,HE_1_10,HE_2_10,HE_3_10,CSPA_1_10,CSPA_2_10,CSPA_3_10,Aver_1_10,Aver_2_10,Aver_3_10,desikan_average_none_none,destrieux_average_none_none
0,12.19600424470308,9.012070404909904,7.1825532529787,13.166502556988025,12.436417605640484,12.179028337578497,12.327177075697799,9.236981249333864,7.589603423599501,9.027570571529948,7.09647036830232
