,HE_1_10,HE_2_10,HE_3_10,CSPA_1_10,CSPA_2_10,CSPA_3_10,Aver_1_10,Aver_2_10,Aver_3_10,desikan_average_none_none,destrieux_average_none_none
0,13.48207372174232,9.827605111954961,7.778760303132251,14.62304242827375,13.729684028774932,13.373285563762744,13.576058226504767,9.97621017639694,8.192743081669116,9.668700240883428,7.6632064011964305
