,HE_1_10,HE_2_10,HE_3_10,CSPA_1_10,CSPA_2_10,CSPA_3_10,Aver_1_10,Aver_2_10,Aver_3_10,desikan_average_none_none,destrieux_average_none_none
0,10.41226078705797,7.381193204545002,5.838840983762084,11.485191342420249,10.543181742465594,10.203085795364586,10.533662598658614,7.6275137472607835,6.1933378057950055,7.535685014258386,6.038949685489044
