,HE_1_10,HE_2_10,HE_3_10,CSPA_1_10,CSPA_2_10,CSPA_3_10,Aver_1_10,Aver_2_10,Aver_3_10,desikan_average_none_none,destrieux_average_none_none
0,12.06152632150713,9.154137712388831,7.213948378012256,13.16890823488106,12.28556225978006,12.05885130323164,12.13879057598506,9.35718205835496,7.596847913855066,8.853864747473546,7.07281939860003
