,HE_1_10,HE_2_10,HE_3_10,CSPA_1_10,CSPA_2_10,CSPA_3_10,Aver_1_10,Aver_2_10,Aver_3_10,desikan_average_none_none,destrieux_average_none_none
0,12.09765577312127,8.993365407786644,7.11693235591427,13.108083709858432,12.25903780199114,12.039522898970256,12.151127130209199,9.204213613314058,7.53526088462542,8.664692856774542,6.828203596173548
