,HE_1_10,HE_2_10,HE_3_10,CSPA_1_10,CSPA_2_10,CSPA_3_10,Aver_1_10,Aver_2_10,Aver_3_10,desikan_average_none_none,destrieux_average_none_none
0,11.830468904336962,8.85052331987433,7.166701430075206,12.73021692426334,12.058014601968072,11.869044648303094,12.011761892878138,9.064830714281053,7.557670944891067,8.87265988990489,6.968896345875438
