,HE_1_10,HE_2_10,HE_3_10,CSPA_1_10,CSPA_2_10,CSPA_3_10,Aver_1_10,Aver_2_10,Aver_3_10,desikan_average_none_none,destrieux_average_none_none
0,12.127611838606036,8.814772951571692,6.927366392315583,13.039395402071605,12.180204697881928,11.75777066742608,12.271072699197818,9.064233263963324,7.377952150485755,7.672495658064827,6.336083970680057
