,HE_1_10,HE_2_10,HE_3_10,CSPA_1_10,CSPA_2_10,CSPA_3_10,Aver_1_10,Aver_2_10,Aver_3_10,desikan_average_none_none,destrieux_average_none_none
0,13.680590897220787,9.964972306537515,7.931384822651481,14.886034842264847,13.866458081803813,13.420389518601558,13.79107968899925,10.24387713230502,8.40108158892519,10.09425495114698,7.79233150047699
