,HE_1_10,HE_2_10,HE_3_10,CSPA_1_10,CSPA_2_10,CSPA_3_10,Aver_1_10,Aver_2_10,Aver_3_10,desikan_average_none_none,destrieux_average_none_none
0,13.15208232348622,9.78664547116729,7.834345945331504,14.267566418422374,13.403784980336104,13.10961212873759,13.300163555569474,10.07463318539738,8.294258354491848,9.534203123273878,7.492634726182159
