,HE_1_10,HE_2_10,HE_3_10,CSPA_1_10,CSPA_2_10,CSPA_3_10,Aver_1_10,Aver_2_10,Aver_3_10,desikan_average_none_none,destrieux_average_none_none
0,12.51295265144899,9.219908584336709,7.262650990365557,13.637453676902021,12.616340027177976,12.391615491566444,12.537861392593587,9.408498966678819,7.634608071169513,8.992216188402484,6.989162173641564
