,HE_1_10,HE_2_10,HE_3_10,CSPA_1_10,CSPA_2_10,CSPA_3_10,Aver_1_10,Aver_2_10,Aver_3_10,desikan_average_none_none,destrieux_average_none_none
0,11.762197340839654,8.51908120821359,6.656661276992489,12.743446379902716,11.847439648916392,11.392448559588189,11.946655937863657,8.850847684757682,7.144769903382451,8.232371514588673,6.495849059013334
