,HE_1_10,HE_2_10,HE_3_10,CSPA_1_10,CSPA_2_10,CSPA_3_10,Aver_1_10,Aver_2_10,Aver_3_10,desikan_average_none_none,destrieux_average_none_none
0,13.11561923776083,9.814005514731756,7.712861369220988,14.06097431290245,13.444192275767358,13.531992705524516,13.255945667403841,10.224977418202869,8.380186079105702,9.133681756345414,6.985518826993816
