,HE_1_10,HE_2_10,HE_3_10,CSPA_1_10,CSPA_2_10,CSPA_3_10,Aver_1_10,Aver_2_10,Aver_3_10,desikan_average_none_none,destrieux_average_none_none
0,12.22453665492308,8.910140592758594,6.969488222372375,13.21332817177404,12.374522995413164,12.114688646335097,12.361898002685178,9.105743967827388,7.439510279643593,8.958163017607747,6.995440593681079
