,HE_1_10,HE_2_10,HE_3_10,CSPA_1_10,CSPA_2_10,CSPA_3_10,Aver_1_10,Aver_2_10,Aver_3_10,desikan_average_none_none,destrieux_average_none_none
0,13.05616122912679,9.365914095788106,7.417948050362077,14.257424599416279,13.02892508472036,12.769774774979489,13.115345184698107,9.699804226052027,7.950921865096307,9.396427279814672,7.275092557814267
