,HE_1_10,HE_2_10,HE_3_10,CSPA_1_10,CSPA_2_10,CSPA_3_10,Aver_1_10,Aver_2_10,Aver_3_10,desikan_average_none_none,destrieux_average_none_none
0,13.923706493659974,10.037056024246017,7.997534519945353,15.14115137505853,14.034093277811056,13.56746059044393,13.968060593462226,10.330553541094398,8.420961987627505,10.146060669833751,8.109620746877317
