,HE_1_10,HE_2_10,HE_3_10,CSPA_1_10,CSPA_2_10,CSPA_3_10,Aver_1_10,Aver_2_10,Aver_3_10,desikan_average_none_none,destrieux_average_none_none
0,12.716227521078773,9.358329832794915,7.380430877801485,13.77002577817766,12.896943103161792,12.646483338737788,12.760899729509003,9.592130709864382,7.825191890486589,9.461351675751574,7.429221239816138
