,HE_1_10,HE_2_10,HE_3_10,CSPA_1_10,CSPA_2_10,CSPA_3_10,Aver_1_10,Aver_2_10,Aver_3_10,desikan_average_none_none,destrieux_average_none_none
0,13.612546285851879,10.102283038434496,8.055343916679751,14.70676015570485,14.024076786704743,13.347105187188061,13.848403886235374,10.38239268430893,8.535157718774153,10.131870085525966,7.90348410944992
