,HE_1_10,HE_2_10,HE_3_10,CSPA_1_10,CSPA_2_10,CSPA_3_10,Aver_1_10,Aver_2_10,Aver_3_10,desikan_average_none_none,destrieux_average_none_none
0,11.7877432181067,8.538750517667307,6.761915416809769,12.847788909403537,11.933452614853753,11.624709392986102,11.89120160465723,8.764273532409526,7.141050718743376,8.574156487695248,6.707207553111722
