,HE_1_10,HE_2_10,HE_3_10,CSPA_1_10,CSPA_2_10,CSPA_3_10,Aver_1_10,Aver_2_10,Aver_3_10,desikan_average_none_none,destrieux_average_none_none
0,12.97459414246378,9.62434500896787,7.533012642464896,14.153841130513682,13.32437601529883,12.828337388780648,13.156099892334126,9.870203216532971,7.956684821869558,9.137706460966434,7.264332766691702
