,HE_1_10,HE_2_10,HE_3_10,CSPA_1_10,CSPA_2_10,CSPA_3_10,Aver_1_10,Aver_2_10,Aver_3_10,desikan_average_none_none,destrieux_average_none_none
0,12.068778591390371,8.841189631819125,7.01868231375832,13.26322533427484,12.210029687017867,11.808913139034408,12.210695046329207,9.100329782953281,7.358399494796601,8.685399089179318,6.902934329755958
