,HE_1_10,HE_2_10,HE_3_10,CSPA_1_10,CSPA_2_10,CSPA_3_10,Aver_1_10,Aver_2_10,Aver_3_10,desikan_average_none_none,destrieux_average_none_none
0,13.343247705379943,10.166649034162342,8.128883985046958,14.34502481163944,13.581171669387306,13.345364954707726,13.41000981240893,10.442096658191733,8.733976748577593,9.662213522853744,7.556154295669432
