,HE_1_10,HE_2_10,HE_3_10,CSPA_1_10,CSPA_2_10,CSPA_3_10,Aver_1_10,Aver_2_10,Aver_3_10,desikan_average_none_none,destrieux_average_none_none
0,11.444483486624884,8.66480713975779,6.872027781413688,12.344090735201089,11.669000550302595,11.695492415876522,11.633237430751004,8.804335728197595,7.206158707728661,8.429196015399496,6.44708786489379
