,HE_1_10,HE_2_10,HE_3_10,CSPA_1_10,CSPA_2_10,CSPA_3_10,Aver_1_10,Aver_2_10,Aver_3_10,desikan_average_none_none,destrieux_average_none_none
0,12.07405529464979,8.833277169265017,7.022025043957776,13.137500591527854,12.346969764165973,12.07748139984717,12.177116778673321,9.093468648506384,7.318571470136413,8.692820547842798,6.853588383866833
