,HE_1_10,HE_2_10,HE_3_10,CSPA_1_10,CSPA_2_10,CSPA_3_10,Aver_1_10,Aver_2_10,Aver_3_10,desikan_average_none_none,destrieux_average_none_none
0,13.233968336691282,9.56953920908516,7.552181278231368,14.243350674766267,13.461295246613432,13.246944153568455,13.496567785770438,9.91326444882905,8.145726904057398,9.490360302114265,7.348374239709368
