,HE_1_10,HE_2_10,HE_3_10,CSPA_1_10,CSPA_2_10,CSPA_3_10,Aver_1_10,Aver_2_10,Aver_3_10,desikan_average_none_none,destrieux_average_none_none
0,11.537225602712835,8.364196139903413,6.541355130395379,12.772665251590672,11.543067608007696,11.385412150358531,11.645852272030746,8.574677975954978,6.909776729349318,8.386061748220394,6.505068424617359
