,HE_1_10,HE_2_10,HE_3_10,CSPA_1_10,CSPA_2_10,CSPA_3_10,Aver_1_10,Aver_2_10,Aver_3_10,desikan_average_none_none,destrieux_average_none_none
0,13.531159616538549,10.019896550996169,7.95589727571614,14.845961793981571,13.769707437948592,13.624890229799092,13.606374325229403,10.292118391919916,8.432995512533472,9.57657699851351,7.63086396723511
