,HE_1_10,HE_2_10,HE_3_10,CSPA_1_10,CSPA_2_10,CSPA_3_10,Aver_1_10,Aver_2_10,Aver_3_10,desikan_average_none_none,destrieux_average_none_none
0,13.124096915002632,10.029229807491864,7.93502777494916,14.203764384055043,13.084808512540649,13.231965635509454,13.240114200538658,10.258538487170519,8.481937860383825,9.680676147796671,7.847219112718422
