,HE_1_10,HE_2_10,HE_3_10,CSPA_1_10,CSPA_2_10,CSPA_3_10,Aver_1_10,Aver_2_10,Aver_3_10,desikan_average_none_none,destrieux_average_none_none
0,12.889617708219598,9.297648566601135,7.273144802125078,14.079455980770714,13.146316346719747,12.947223246541132,13.024277403391869,9.560862435544117,7.814597966780585,9.282950587970957,7.339904473096755
