,HE_1_10,HE_2_10,HE_3_10,CSPA_1_10,CSPA_2_10,CSPA_3_10,Aver_1_10,Aver_2_10,Aver_3_10,desikan_average_none_none,destrieux_average_none_none
0,12.788447340107988,9.408147581421446,7.486730405425658,13.712556719918412,12.917669470840238,12.698158582152985,12.907451271905263,9.652709612839661,7.907758501842264,9.474078194691435,7.323833738579056
