,HE_1_10,HE_2_10,HE_3_10,CSPA_1_10,CSPA_2_10,CSPA_3_10,Aver_1_10,Aver_2_10,Aver_3_10,desikan_average_none_none,destrieux_average_none_none
0,11.617890342838257,8.55597141095199,6.697330318896356,12.75744088580656,11.729184587742772,11.506778402201139,11.624446748700857,8.757471833938435,7.009039824325393,8.425741638332344,6.590786458142529
