,HE_1_10,HE_2_10,HE_3_10,CSPA_1_10,CSPA_2_10,CSPA_3_10,Aver_1_10,Aver_2_10,Aver_3_10,desikan_average_none_none,destrieux_average_none_none
0,11.400830024555294,8.390104746539162,6.631799005967786,12.405947588483306,11.394643748650237,11.24521769119014,11.37871351395478,8.55077888362597,7.000773726139593,8.230888603131183,6.499333820632536
