,HE_1_10,HE_2_10,HE_3_10,CSPA_1_10,CSPA_2_10,CSPA_3_10,Aver_1_10,Aver_2_10,Aver_3_10,desikan_average_none_none,destrieux_average_none_none
0,11.942531791609776,8.996249377390683,7.130919774492816,12.97225017034319,11.967497438468847,11.92501760277993,12.091257018655151,9.228997781875488,7.617067573999773,8.72870313002921,6.93965958140536
