,HE_1_10,HE_2_10,HE_3_10,CSPA_1_10,CSPA_2_10,CSPA_3_10,Aver_1_10,Aver_2_10,Aver_3_10,desikan_average_none_none,destrieux_average_none_none
0,13.218014718673837,9.699583657515882,7.6616553396353675,14.26445738686593,13.306134225962689,12.858159043489069,13.38291980588697,10.019590062311252,8.19473898649717,9.61040951926706,7.649195027377493
