,HE_1_10,HE_2_10,HE_3_10,CSPA_1_10,CSPA_2_10,CSPA_3_10,Aver_1_10,Aver_2_10,Aver_3_10,desikan_average_none_none,destrieux_average_none_none
0,14.019002579631554,10.226553160286798,7.995912916204735,15.097037216939578,14.118738477444321,13.858655822633215,14.164856798703548,10.523761729777007,8.484580210210343,9.977035245976632,7.9284288130627045
