,HE_1_10,HE_2_10,HE_3_10,CSPA_1_10,CSPA_2_10,CSPA_3_10,Aver_1_10,Aver_2_10,Aver_3_10,desikan_average_none_none,destrieux_average_none_none
0,13.642060771777027,10.337034659203296,8.088284434214259,14.475021770148603,13.816345709629804,13.692010404165723,13.719987745339303,10.60081159235887,8.65145814452341,9.61842275288379,7.612400393709972
