,HE_1_10,HE_2_10,HE_3_10,CSPA_1_10,CSPA_2_10,CSPA_3_10,Aver_1_10,Aver_2_10,Aver_3_10,desikan_average_none_none,destrieux_average_none_none
0,12.016753771783957,8.830568759878625,6.970200786198384,13.097379111310573,12.019296891540353,11.735623258767882,12.085256767126706,9.180034972876456,7.45304014511745,8.690334559751733,6.846138288832821
