,HE_1_10,HE_2_10,HE_3_10,CSPA_1_10,CSPA_2_10,CSPA_3_10,Aver_1_10,Aver_2_10,Aver_3_10,desikan_average_none_none,destrieux_average_none_none
0,13.818794226437802,9.91201499440679,7.9033671385339135,15.087474922666258,14.09870763141991,13.751632699832701,14.031880192369266,10.262285991210312,8.31957722968735,9.844113509208176,7.726350765853313
