,HE_1_10,HE_2_10,HE_3_10,CSPA_1_10,CSPA_2_10,CSPA_3_10,Aver_1_10,Aver_2_10,Aver_3_10,desikan_average_none_none,destrieux_average_none_none
0,12.4548168467632,8.871648289211247,6.9479598379317276,13.324437009728523,12.500068242992546,12.172034897567336,12.554344483477294,9.224330159198608,7.370068448600385,8.904688634559179,6.899339945306153
