,HE_1_10,HE_2_10,HE_3_10,CSPA_1_10,CSPA_2_10,CSPA_3_10,Aver_1_10,Aver_2_10,Aver_3_10,desikan_average_none_none,destrieux_average_none_none
0,11.758574454785544,8.692995536841947,6.939351827034741,12.679976971321791,11.788684542444768,11.932272903979628,11.91587440200856,8.868954994343518,7.358023318954164,8.690325675892877,6.779108200600932
