,HE_1_10,HE_2_10,HE_3_10,CSPA_1_10,CSPA_2_10,CSPA_3_10,Aver_1_10,Aver_2_10,Aver_3_10,desikan_average_none_none,destrieux_average_none_none
0,11.560259770185665,8.694833277263209,6.849148720514714,12.546414015393593,11.643373640281132,11.440782576497098,11.62925431323544,8.90388589115675,7.220987679250356,8.331749170528232,6.582142006853659
