,HE_1_10,HE_2_10,HE_3_10,CSPA_1_10,CSPA_2_10,CSPA_3_10,Aver_1_10,Aver_2_10,Aver_3_10,desikan_average_none_none,destrieux_average_none_none
0,10.743957407818634,8.077121489993095,6.463643474149136,11.7469988659205,10.831402845233152,10.74182884135274,10.795413050840754,8.243848847367849,6.780465514218442,7.81428324104319,6.123289647898665
