,HE_1_10,HE_2_10,HE_3_10,CSPA_1_10,CSPA_2_10,CSPA_3_10,Aver_1_10,Aver_2_10,Aver_3_10,desikan_average_none_none,destrieux_average_none_none
0,12.328189343611188,9.011824998095237,6.972564369736829,13.297282097119405,12.421289059799033,12.011043617990351,12.41067580442852,9.276328180914243,7.525827206706671,8.919830726243273,7.0005896951573305
