,HE_1_10,HE_2_10,HE_3_10,CSPA_1_10,CSPA_2_10,CSPA_3_10,Aver_1_10,Aver_2_10,Aver_3_10,desikan_average_none_none,destrieux_average_none_none
0,12.685054430885613,9.430184807820082,7.458991539539753,13.642812360773686,12.772068430231757,12.337989447121812,12.771173498300222,9.754344046122796,7.968075028807543,9.185056781366816,7.118609454012438
