,HE_1_10,HE_2_10,HE_3_10,CSPA_1_10,CSPA_2_10,CSPA_3_10,Aver_1_10,Aver_2_10,Aver_3_10,desikan_average_none_none,destrieux_average_none_none
0,12.958482775356254,9.314274569611468,7.3419452468530535,14.227560315029281,13.128014188752056,12.611277607727631,13.08784823790045,9.613172080410171,7.832569040903244,9.629076763130502,7.576522499336669
