,HE_1_10,HE_2_10,HE_3_10,CSPA_1_10,CSPA_2_10,CSPA_3_10,Aver_1_10,Aver_2_10,Aver_3_10,desikan_average_none_none,destrieux_average_none_none
0,12.099666088333107,8.716393621222718,6.900079962427297,13.139927634440227,12.200837927123409,11.948659713283165,12.186737070059978,8.994054052694167,7.309966878207641,8.620346047656218,6.750808327099321
