,HE_1_10,HE_2_10,HE_3_10,CSPA_1_10,CSPA_2_10,CSPA_3_10,Aver_1_10,Aver_2_10,Aver_3_10,desikan_average_none_none,destrieux_average_none_none
0,12.100784079088482,9.142235457917337,7.085765799988105,13.102350837176518,12.509859218074384,12.04675729720821,12.331241693816759,9.356707361227782,7.647027254607707,8.747772120505424,6.957588618497406
