,HE_1_10,HE_2_10,HE_3_10,CSPA_1_10,CSPA_2_10,CSPA_3_10,Aver_1_10,Aver_2_10,Aver_3_10,desikan_average_none_none,destrieux_average_none_none
0,13.114226590713391,9.607388965043258,7.539914916088812,14.183036135414001,13.323682560333726,12.829695736745693,13.186288596452496,9.929393755011683,8.012757105127326,9.609191277514219,7.495508019686186
