,HE_1_10,HE_2_10,HE_3_10,CSPA_1_10,CSPA_2_10,CSPA_3_10,Aver_1_10,Aver_2_10,Aver_3_10,desikan_average_none_none,destrieux_average_none_none
0,12.688336479262595,9.190022816079882,7.198627181908837,13.631043936926849,12.86522277170318,12.533332613104509,12.829029787167892,9.508845407651517,7.731076830766818,9.008041083953904,7.048686829788272
