,HE_1_10,HE_2_10,HE_3_10,CSPA_1_10,CSPA_2_10,CSPA_3_10,Aver_1_10,Aver_2_10,Aver_3_10,desikan_average_none_none,destrieux_average_none_none
0,12.843744736172978,9.501508060745985,7.41176001455395,13.823426718018037,12.941870881666162,12.557145385114126,13.007302644518036,9.814246079040954,7.96671372261803,9.281925128678028,7.284664194208973
