,HE_1_10,HE_2_10,HE_3_10,CSPA_1_10,CSPA_2_10,CSPA_3_10,Aver_1_10,Aver_2_10,Aver_3_10,desikan_average_none_none,destrieux_average_none_none
0,12.430828260369381,9.070941645271303,7.139958300198905,13.757640807575248,12.849277728302438,12.544728314222978,12.661817091795575,9.405868850539282,7.604242574825032,8.975339743508018,6.894456633501738
