,HE_1_10,HE_2_10,HE_3_10,CSPA_1_10,CSPA_2_10,CSPA_3_10,Aver_1_10,Aver_2_10,Aver_3_10,desikan_average_none_none,destrieux_average_none_none
0,12.669980944062319,9.437036995006192,7.513930111484064,13.894277476143415,12.911366168297558,12.406830871141944,12.810431840767956,9.819699852465254,7.937931676810992,8.957016203092753,7.091910017908766
