,HE_1_10,HE_2_10,HE_3_10,CSPA_1_10,CSPA_2_10,CSPA_3_10,Aver_1_10,Aver_2_10,Aver_3_10,desikan_average_none_none,destrieux_average_none_none
0,13.608486541897939,9.779492274133435,7.826060214148819,14.752588119127962,13.774103082729026,13.225867151811045,13.76046995872387,10.07906206717505,8.284911791487636,9.686133157300238,7.67454524829859
