,HE_1_10,HE_2_10,HE_3_10,CSPA_1_10,CSPA_2_10,CSPA_3_10,Aver_1_10,Aver_2_10,Aver_3_10,desikan_average_none_none,destrieux_average_none_none
0,12.197915814088221,9.067696473324295,7.1230406590335615,13.265823765109902,12.310016616246633,11.908791158474498,12.37410120256467,9.372481638029482,7.61541674104214,8.702061533032756,7.032441753057686
