,HE_1_10,HE_2_10,HE_3_10,CSPA_1_10,CSPA_2_10,CSPA_3_10,Aver_1_10,Aver_2_10,Aver_3_10,desikan_average_none_none,destrieux_average_none_none
0,13.569242962369348,9.914767683433732,7.8181758048013155,14.89282972791825,13.682352459319974,13.284633535819484,13.704584372693455,10.316505840612926,8.27269247097028,9.929056790283749,7.806216600777452
