,HE_1_10,HE_2_10,HE_3_10,CSPA_1_10,CSPA_2_10,CSPA_3_10,Aver_1_10,Aver_2_10,Aver_3_10,desikan_average_none_none,destrieux_average_none_none
0,12.455913434086035,9.176810173940117,7.292402441277293,13.396452978081426,12.59396154106247,12.310321404526995,12.583872428259216,9.38996525654229,7.692014944120642,8.984775684498599,6.909179677265876
