,HE_1_10,HE_2_10,HE_3_10,CSPA_1_10,CSPA_2_10,CSPA_3_10,Aver_1_10,Aver_2_10,Aver_3_10,desikan_average_none_none,destrieux_average_none_none
0,13.509508987656902,9.977236812728636,7.836175310926164,14.64099654140024,13.791864626632696,13.369972079079403,13.703257106801416,10.201647915177034,8.393698135029679,10.085910032193231,7.836527718159339
