,HE_1_10,HE_2_10,HE_3_10,CSPA_1_10,CSPA_2_10,CSPA_3_10,Aver_1_10,Aver_2_10,Aver_3_10,desikan_average_none_none,destrieux_average_none_none
0,12.853273018641088,9.423568552560859,7.392332217032035,14.167056105261034,12.987848673414051,12.583844966376715,12.988606953709395,9.754083099113902,7.916627507713137,8.991876385723067,7.085310777829212
