,HE_1_10,HE_2_10,HE_3_10,CSPA_1_10,CSPA_2_10,CSPA_3_10,Aver_1_10,Aver_2_10,Aver_3_10,desikan_average_none_none,destrieux_average_none_none
0,12.339441342793092,9.0774572792354,7.1470967308397455,13.094673370606417,12.437429971995465,12.168279383429729,12.436615648621087,9.229153562007388,7.479768181787619,8.888346127021933,6.966705351159992
