,HE_1_10,HE_2_10,HE_3_10,CSPA_1_10,CSPA_2_10,CSPA_3_10,Aver_1_10,Aver_2_10,Aver_3_10,desikan_average_none_none,destrieux_average_none_none
0,11.58416141219805,8.436179255954707,6.645405239991603,12.41269250512956,11.691970514532771,11.38471486278603,11.704067298459247,8.626934883965205,7.140339230563681,8.41771175898303,6.590292415225674
