,HE_1_10,HE_2_10,HE_3_10,CSPA_1_10,CSPA_2_10,CSPA_3_10,Aver_1_10,Aver_2_10,Aver_3_10,desikan_average_none_none,destrieux_average_none_none
0,12.235013226223515,8.610455116833235,6.773343956012673,13.337869801941904,12.446026049490237,11.922877980454572,12.3467592364947,8.8633337087323,7.185321472284704,8.626968046811959,6.772155396113349
