,HE_1_10,HE_2_10,HE_3_10,CSPA_1_10,CSPA_2_10,CSPA_3_10,Aver_1_10,Aver_2_10,Aver_3_10,desikan_average_none_none,destrieux_average_none_none
0,12.857692472147015,9.47322391752461,7.429323155982604,13.779440939854927,12.979408594911119,12.62390095646655,12.962374299102924,9.734710503260727,7.953882321427152,9.228789649681467,7.299620356075045
