,HE_1_10,HE_2_10,HE_3_10,CSPA_1_10,CSPA_2_10,CSPA_3_10,Aver_1_10,Aver_2_10,Aver_3_10,desikan_average_none_none,destrieux_average_none_none
0,13.59151522494201,10.010370214079995,7.939297825234054,14.628779154901787,13.856580212406712,13.540379106811963,13.797477136262124,10.258318455030041,8.50812986524721,9.959509711932936,7.715738906104883
