,HE_1_10,HE_2_10,HE_3_10,CSPA_1_10,CSPA_2_10,CSPA_3_10,Aver_1_10,Aver_2_10,Aver_3_10,desikan_average_none_none,destrieux_average_none_none
0,12.195721856197403,9.24075148586371,7.274586835154246,13.066369290948389,12.340470210474203,12.255778817613308,12.36465338032052,9.582521607995242,7.774379365145053,8.69877775102889,6.946237787548267
