,HE_1_10,HE_2_10,HE_3_10,CSPA_1_10,CSPA_2_10,CSPA_3_10,Aver_1_10,Aver_2_10,Aver_3_10,desikan_average_none_none,destrieux_average_none_none
0,11.79317055654874,8.62929727476476,6.79813314606438,12.76016175595978,11.940513710805597,11.66988947109866,11.92866064079605,8.89885120019681,7.2797980842556465,8.697595799963105,6.695066517441338
