,HE_1_10,HE_2_10,HE_3_10,CSPA_1_10,CSPA_2_10,CSPA_3_10,Aver_1_10,Aver_2_10,Aver_3_10,desikan_average_none_none,destrieux_average_none_none
0,12.664545886693691,9.34108483789084,7.40697140020765,13.618113434146112,12.796007735228205,12.151127843111473,12.746358478188222,9.628845955421419,7.871787692059348,9.055289419618324,7.07988990084948
