,HE_1_10,HE_2_10,HE_3_10,CSPA_1_10,CSPA_2_10,CSPA_3_10,Aver_1_10,Aver_2_10,Aver_3_10,desikan_average_none_none,destrieux_average_none_none
0,12.473792581409665,9.23640053914495,7.1833329754823945,13.466071708663659,12.616393025054945,12.40655248876742,12.61793023545314,9.42611926044347,7.734903912807839,9.059559217177569,7.045879425370299
