,HE_1_10,HE_2_10,HE_3_10,CSPA_1_10,CSPA_2_10,CSPA_3_10,Aver_1_10,Aver_2_10,Aver_3_10,desikan_average_none_none,destrieux_average_none_none
0,14.166492615000555,10.291491503909626,8.24413904842761,15.385317325441113,14.344752722658763,13.964305585533221,14.469038277475374,10.494172729650394,8.697872283736716,10.104757723497329,7.946497548463519
