,HE_1_10,HE_2_10,HE_3_10,CSPA_1_10,CSPA_2_10,CSPA_3_10,Aver_1_10,Aver_2_10,Aver_3_10,desikan_average_none_none,destrieux_average_none_none
0,12.524528560021025,9.403279401043228,7.382405600748545,13.388851863785328,12.756353236304628,12.246951941473844,12.65983459774221,9.68054021584869,7.878425308751311,9.012889586285786,7.118412490276496
