,HE_1_10,HE_2_10,HE_3_10,CSPA_1_10,CSPA_2_10,CSPA_3_10,Aver_1_10,Aver_2_10,Aver_3_10,desikan_average_none_none,destrieux_average_none_none
0,14.020511354195664,10.23585942623854,7.893300562477438,15.571519132645651,14.1725894558436,14.030376371659942,14.245061935669183,10.458803935075945,8.347029310496806,10.133478233728999,7.843650749306621
