,HE_1_10,HE_2_10,HE_3_10,CSPA_1_10,CSPA_2_10,CSPA_3_10,Aver_1_10,Aver_2_10,Aver_3_10,desikan_average_none_none,destrieux_average_none_none
0,14.240659411747803,10.431096273929558,8.146006211640948,15.466640854756434,14.357531504198633,13.95751544246327,14.414578032549311,10.679220558858285,8.733639604831382,10.0865345451057,7.98845324196036
