,HE_1_10,HE_2_10,HE_3_10,CSPA_1_10,CSPA_2_10,CSPA_3_10,Aver_1_10,Aver_2_10,Aver_3_10,desikan_average_none_none,destrieux_average_none_none
0,12.493147215127145,9.01279030004657,7.238815601412843,13.430209620334058,12.761165730744757,12.398372100512686,12.635527038077305,9.269689148161339,7.666859576684434,9.065379792223597,6.943784858902196
