,HE_1_10,HE_2_10,HE_3_10,CSPA_1_10,CSPA_2_10,CSPA_3_10,Aver_1_10,Aver_2_10,Aver_3_10,desikan_average_none_none,destrieux_average_none_none
0,13.85191954981067,10.248621436897682,8.114152188041379,14.965568309675454,14.156177296150414,13.766129989541147,14.058452611106688,10.597015571447143,8.705743681435159,9.865785886626625,7.537913069703685
