,HE_1_10,HE_2_10,HE_3_10,CSPA_1_10,CSPA_2_10,CSPA_3_10,Aver_1_10,Aver_2_10,Aver_3_10,desikan_average_none_none,destrieux_average_none_none
0,12.78259842291567,9.387171127821157,7.519673936317077,13.886593358110675,13.003851415962206,12.610335215946197,12.879863257681707,9.586061169536894,7.873822727722234,9.492789982455843,7.474416849355679
