,HE_1_10,HE_2_10,HE_3_10,CSPA_1_10,CSPA_2_10,CSPA_3_10,Aver_1_10,Aver_2_10,Aver_3_10,desikan_average_none_none,destrieux_average_none_none
0,12.261075340278667,9.048831905227987,7.277582140379223,13.121563072283703,12.440645597413338,12.181298844913966,12.4635747018539,9.342646277956945,7.730992112851644,9.144404748455283,7.109807272164294
