,HE_1_10,HE_2_10,HE_3_10,CSPA_1_10,CSPA_2_10,CSPA_3_10,Aver_1_10,Aver_2_10,Aver_3_10,desikan_average_none_none,destrieux_average_none_none
0,13.59375966852705,10.129217125739148,8.134823737744647,14.627759206456702,13.689971945156975,13.666200821105749,13.741412467908962,10.432488337716913,8.58473970428973,10.0144674947619,7.809968173607532
