,HE_1_10,HE_2_10,HE_3_10,CSPA_1_10,CSPA_2_10,CSPA_3_10,Aver_1_10,Aver_2_10,Aver_3_10,desikan_average_none_none,destrieux_average_none_none
0,12.350259394647578,9.212024604452111,7.37283129899772,13.450246215329493,12.59567662731913,12.354971681382663,12.552822548902396,9.396784154066815,7.835005405420302,9.194111915379299,7.020599705656591
