,HE_1_10,HE_2_10,HE_3_10,CSPA_1_10,CSPA_2_10,CSPA_3_10,Aver_1_10,Aver_2_10,Aver_3_10,desikan_average_none_none,destrieux_average_none_none
0,14.343184938224717,10.529596360344293,8.340797397315216,15.446341377502282,14.517520622183346,14.20134272095398,14.589280460128693,10.935484721548441,8.935385330108868,10.320636456369808,8.171184029392704
