,HE_1_10,HE_2_10,HE_3_10,CSPA_1_10,CSPA_2_10,CSPA_3_10,Aver_1_10,Aver_2_10,Aver_3_10,desikan_average_none_none,destrieux_average_none_none
0,13.721424055257149,10.014425787437045,7.736504267018267,14.775004482894188,13.705494686757204,13.455678388398827,13.749930120773787,10.190182511183648,8.315313367066617,9.816531666751915,7.76117294164308
