,HE_1_10,HE_2_10,HE_3_10,CSPA_1_10,CSPA_2_10,CSPA_3_10,Aver_1_10,Aver_2_10,Aver_3_10,desikan_average_none_none,destrieux_average_none_none
0,13.377293049193556,9.89018023427408,7.650808365014013,14.794246938379668,13.466031306400751,13.271617764545974,13.51782919972033,10.07585454576134,8.147478682267666,9.401153792266948,7.606920278225715
