,HE_1_10,HE_2_10,HE_3_10,CSPA_1_10,CSPA_2_10,CSPA_3_10,Aver_1_10,Aver_2_10,Aver_3_10,desikan_average_none_none,destrieux_average_none_none
0,14.014827102964357,10.266024992339338,8.072934240609516,15.166542365617511,14.294214219103262,14.00444587928874,14.098529145568634,10.587281767855025,8.631507553643265,10.042098380663429,7.730644849191376
