,HE_1_10,HE_2_10,HE_3_10,CSPA_1_10,CSPA_2_10,CSPA_3_10,Aver_1_10,Aver_2_10,Aver_3_10,desikan_average_none_none,destrieux_average_none_none
0,12.291029987409594,9.146417098612165,7.06923677790159,13.232151778034742,12.399529021987945,12.271922844822264,12.427368346313692,9.413552662571576,7.613704649000514,8.925627962358327,6.966953117473631
