,HE_1_10,HE_2_10,HE_3_10,CSPA_1_10,CSPA_2_10,CSPA_3_10,Aver_1_10,Aver_2_10,Aver_3_10,desikan_average_none_none,destrieux_average_none_none
0,12.657677668974527,9.174591204084152,7.192444173516519,13.82295990458618,12.765330136237534,12.351022428540334,12.813329913690099,9.447628530874209,7.703303620787532,9.077741788773713,7.060165970709593
