,HE_1_10,HE_2_10,HE_3_10,CSPA_1_10,CSPA_2_10,CSPA_3_10,Aver_1_10,Aver_2_10,Aver_3_10,desikan_average_none_none,destrieux_average_none_none
0,13.247495159218952,9.819146896393018,7.812475594905226,14.340409782390912,13.243003239587221,13.035163392238163,13.301988261714222,10.070268187818103,8.3431680481227,9.547489903977446,7.5170093567686305
