,HE_1_10,HE_2_10,HE_3_10,CSPA_1_10,CSPA_2_10,CSPA_3_10,Aver_1_10,Aver_2_10,Aver_3_10,desikan_average_none_none,destrieux_average_none_none
0,14.183626715649307,10.622335142093442,8.331956070335327,15.353416944103637,14.368845875611088,14.13368670574763,14.30745036337504,10.729824988858804,8.831596522848786,10.08934119850702,7.823900847394968
