,HE_1_10,HE_2_10,HE_3_10,CSPA_1_10,CSPA_2_10,CSPA_3_10,Aver_1_10,Aver_2_10,Aver_3_10,desikan_average_none_none,destrieux_average_none_none
0,13.089666351774637,9.7070576472236,7.442363645895114,14.331410937265645,13.297947644504863,12.78655760743621,13.261779049966995,10.009132739103539,8.023760716232479,9.166871249268139,7.447163009646847
