,HE_1_10,HE_2_10,HE_3_10,CSPA_1_10,CSPA_2_10,CSPA_3_10,Aver_1_10,Aver_2_10,Aver_3_10,desikan_average_none_none,destrieux_average_none_none
0,14.458891007884146,10.628264240579197,8.303245323988952,15.637578298879625,14.619310523758752,14.255806309820656,14.554312568284972,10.833185333016315,8.804615551910038,10.414665969279387,8.151315764864487
