,HE_1_10,HE_2_10,HE_3_10,CSPA_1_10,CSPA_2_10,CSPA_3_10,Aver_1_10,Aver_2_10,Aver_3_10,desikan_average_none_none,destrieux_average_none_none
0,11.842236788748302,8.774120644713285,6.9998157216268195,12.831823975816915,11.93077319187459,11.749105253382773,11.91865640231119,8.995679766968554,7.364420196129546,8.639963019689253,6.886775856092401
