,HE_1_10,HE_2_10,HE_3_10,CSPA_1_10,CSPA_2_10,CSPA_3_10,Aver_1_10,Aver_2_10,Aver_3_10,desikan_average_none_none,destrieux_average_none_none
0,12.990145737765259,9.563697295262175,7.413628141886409,14.111953854500296,13.232633251979783,12.917855121459679,13.174570996634738,9.890124212888658,7.9412131286775915,9.353606615809554,7.170891067057695
