,HE_1_10,HE_2_10,HE_3_10,CSPA_1_10,CSPA_2_10,CSPA_3_10,Aver_1_10,Aver_2_10,Aver_3_10,desikan_average_none_none,destrieux_average_none_none
0,12.758383518014957,9.329759306096895,7.301652717477081,13.760759414814263,12.837390288729424,12.49298925853498,12.86033284762039,9.65870004649514,7.816233635955621,9.302091876608596,7.264588499478856
