,HE_1_10,HE_2_10,HE_3_10,CSPA_1_10,CSPA_2_10,CSPA_3_10,Aver_1_10,Aver_2_10,Aver_3_10,desikan_average_none_none,destrieux_average_none_none
0,11.898821530204154,8.707833420301318,6.735479407909616,13.085566817757302,12.233051659381974,11.692527299782677,12.082218694642153,9.005370974450306,7.220744419589878,8.771576990160451,6.791491865653687
