,HE_1_10,HE_2_10,HE_3_10,CSPA_1_10,CSPA_2_10,CSPA_3_10,Aver_1_10,Aver_2_10,Aver_3_10,desikan_average_none_none,destrieux_average_none_none
0,13.050023180172285,9.72175448793739,7.640612188782389,14.129766097397862,13.131151079976675,13.03962272846042,13.18618433335851,9.957987098975735,8.144615828535523,9.132648866880501,7.110330377841585
