,HE_1_10,HE_2_10,HE_3_10,CSPA_1_10,CSPA_2_10,CSPA_3_10,Aver_1_10,Aver_2_10,Aver_3_10,desikan_average_none_none,destrieux_average_none_none
0,12.168018637376592,8.705984422023477,6.895133173794314,13.14994040796195,12.35127026320051,11.798762289114343,12.344685601539755,9.037414004574066,7.335862422394079,8.899753981133737,6.949120787231142
