,HE_1_10,HE_2_10,HE_3_10,CSPA_1_10,CSPA_2_10,CSPA_3_10,Aver_1_10,Aver_2_10,Aver_3_10,desikan_average_none_none,destrieux_average_none_none
0,11.979348142042854,8.836269687322252,7.02229084400881,12.895528395605474,12.117655025175113,11.847859273550227,12.14271738749409,9.0737867070685,7.454754174459748,8.759064247831185,6.890489885383447
