,HE_1_10,HE_2_10,HE_3_10,CSPA_1_10,CSPA_2_10,CSPA_3_10,Aver_1_10,Aver_2_10,Aver_3_10,desikan_average_none_none,destrieux_average_none_none
0,12.974742858985998,9.512578588546704,7.374029522810721,14.09485263667175,13.157849869177534,12.780718916306622,13.017938070450105,9.780147021852432,7.958901055088953,9.29996522934659,7.231715819676788
