,HE_1_10,HE_2_10,HE_3_10,CSPA_1_10,CSPA_2_10,CSPA_3_10,Aver_1_10,Aver_2_10,Aver_3_10,desikan_average_none_none,destrieux_average_none_none
0,15.19359958714354,10.962281984129245,8.830472291522362,16.276246639221267,15.328917645567374,14.84431490510962,15.310763930790836,11.19680532652723,9.225243697156689,10.428241862835112,8.352153440462649
