,HE_1_10,HE_2_10,HE_3_10,CSPA_1_10,CSPA_2_10,CSPA_3_10,Aver_1_10,Aver_2_10,Aver_3_10,desikan_average_none_none,destrieux_average_none_none
0,13.456522991063567,10.033368811830409,7.843969190366614,14.390985911959929,13.684332764513444,13.397961621627623,13.555820323497286,10.224931276682865,8.448786567217644,9.71628332790404,7.541066698966981
