,HE_1_10,HE_2_10,HE_3_10,CSPA_1_10,CSPA_2_10,CSPA_3_10,Aver_1_10,Aver_2_10,Aver_3_10,desikan_average_none_none,destrieux_average_none_none
0,12.81118650919269,9.373093691025026,7.501547618260537,13.917210638012406,13.040313138527445,12.875888382334514,12.928957355181785,9.575764043392791,7.84526442705546,9.295179694927079,7.326729091323734
