,HE_1_10,HE_2_10,HE_3_10,CSPA_1_10,CSPA_2_10,CSPA_3_10,Aver_1_10,Aver_2_10,Aver_3_10,desikan_average_none_none,destrieux_average_none_none
0,13.223481970877133,9.796429966027556,7.6910111071415,14.315792118004863,13.286622506437535,13.032069236000401,13.37446553647015,10.044363819400564,8.323646901334012,9.55423412950017,7.637290606750589
