,HE_1_10,HE_2_10,HE_3_10,CSPA_1_10,CSPA_2_10,CSPA_3_10,Aver_1_10,Aver_2_10,Aver_3_10,desikan_average_none_none,destrieux_average_none_none
0,12.138381170091252,8.963050123828001,7.139615179147831,13.119710696381668,12.207134416425511,11.962899374244268,12.26197482541283,9.150263446456748,7.653710398322524,9.041818852378023,7.093440471696811
