,HE_1_10,HE_2_10,HE_3_10,CSPA_1_10,CSPA_2_10,CSPA_3_10,Aver_1_10,Aver_2_10,Aver_3_10,desikan_average_none_none,destrieux_average_none_none
0,12.43144857475736,9.218566122689328,7.313110496554514,13.413425242315542,12.562589487635263,12.440150152559895,12.506643400857062,9.399144165778198,7.765035507503849,9.1058877621927,6.9991126352262345
