,HE_1_10,HE_2_10,HE_3_10,CSPA_1_10,CSPA_2_10,CSPA_3_10,Aver_1_10,Aver_2_10,Aver_3_10,desikan_average_none_none,destrieux_average_none_none
0,12.241696222118888,8.842339389943982,6.834923122117136,13.279384203160884,12.323008696728408,12.250538464400668,12.318295646213912,9.138098837941364,7.2686501174902505,9.014569488305112,7.023846334428164
