,HE_1_10,HE_2_10,HE_3_10,CSPA_1_10,CSPA_2_10,CSPA_3_10,Aver_1_10,Aver_2_10,Aver_3_10,desikan_average_none_none,destrieux_average_none_none
0,13.650690210799365,10.253262446944946,8.048829356862573,14.756658028154424,13.755056502314767,13.880884773359805,13.786207298847177,10.490758235551173,8.509102525798587,9.908078534648634,7.894623486609721
