,HE_1_10,HE_2_10,HE_3_10,CSPA_1_10,CSPA_2_10,CSPA_3_10,Aver_1_10,Aver_2_10,Aver_3_10,desikan_average_none_none,destrieux_average_none_none
0,13.361043790641741,9.785189692987453,7.857654048927088,14.485450586452144,13.434280633917414,12.96231225015078,13.397970075796975,9.941828831431824,8.25671204475196,9.556735086082721,7.579877746551096
