,HE_1_10,HE_2_10,HE_3_10,CSPA_1_10,CSPA_2_10,CSPA_3_10,Aver_1_10,Aver_2_10,Aver_3_10,desikan_average_none_none,destrieux_average_none_none
0,12.424196204343879,8.925474239335315,7.0848667706975705,13.691865052205298,12.637779394786653,12.212526358409189,12.613518483764025,9.221982388187673,7.477368305091075,9.169230608622925,7.060716182308993
