,HE_1_10,HE_2_10,HE_3_10,CSPA_1_10,CSPA_2_10,CSPA_3_10,Aver_1_10,Aver_2_10,Aver_3_10,desikan_average_none_none,destrieux_average_none_none
0,12.134318843661019,8.892458439520695,7.169559095099718,13.301762127883757,12.372180724115774,11.996916358000691,12.30921989796785,9.187082701305528,7.491893384093047,8.907200439497986,6.9510883792909235
