,HE_1_10,HE_2_10,HE_3_10,CSPA_1_10,CSPA_2_10,CSPA_3_10,Aver_1_10,Aver_2_10,Aver_3_10,desikan_average_none_none,destrieux_average_none_none
0,12.210593872534897,9.090328307810955,7.194431299980664,13.135833206298004,12.43794669117952,12.001738725716063,12.422793031483417,9.411581707887393,7.736770961221817,8.868453992117406,7.0811092470383485
