,HE_1_10,HE_2_10,HE_3_10,CSPA_1_10,CSPA_2_10,CSPA_3_10,Aver_1_10,Aver_2_10,Aver_3_10,desikan_average_none_none,destrieux_average_none_none
0,13.290210749498788,9.585370763488022,7.605106159619189,14.178255283748248,13.38761622840604,13.201564023201291,13.487603134765557,9.895233790753636,8.15273014394161,9.333434514840524,7.396021775663915
