,HE_1_10,HE_2_10,HE_3_10,CSPA_1_10,CSPA_2_10,CSPA_3_10,Aver_1_10,Aver_2_10,Aver_3_10,desikan_average_none_none,destrieux_average_none_none
0,11.929624132422225,8.555982594875953,6.751912545007034,12.83012317362705,12.040906602822783,11.610104206479877,12.049342476191415,8.871322091921849,7.165707645570704,8.591354609552827,6.659284434885385
