,HE_1_10,HE_2_10,HE_3_10,CSPA_1_10,CSPA_2_10,CSPA_3_10,Aver_1_10,Aver_2_10,Aver_3_10,desikan_average_none_none,destrieux_average_none_none
0,12.178106507443504,9.018217224479812,7.17938960417789,13.174117397381476,12.123345079400936,11.88123692915918,12.235102158845066,9.151603997274142,7.6172858407805535,8.928887331736913,7.068714041857746
