,HE_1_10,HE_2_10,HE_3_10,CSPA_1_10,CSPA_2_10,CSPA_3_10,Aver_1_10,Aver_2_10,Aver_3_10,desikan_average_none_none,destrieux_average_none_none
0,13.353646057927776,9.756227117164883,7.479780185107649,14.543108055580332,13.442496432470685,13.126565531605328,13.397532573095578,9.86486690288706,8.008466090109396,9.526121221962136,7.504350272855725
