,HE_1_10,HE_2_10,HE_3_10,CSPA_1_10,CSPA_2_10,CSPA_3_10,Aver_1_10,Aver_2_10,Aver_3_10,desikan_average_none_none,destrieux_average_none_none
0,14.319036013862888,10.781591431710007,8.547158915939336,15.65196603845782,14.444040885887551,14.345074802653587,14.531383845902702,10.983126397987109,9.04883899317613,10.488841121160357,8.255105263809812
