,HE_1_10,HE_2_10,HE_3_10,CSPA_1_10,CSPA_2_10,CSPA_3_10,Aver_1_10,Aver_2_10,Aver_3_10,desikan_average_none_none,destrieux_average_none_none
0,12.597845603755278,9.324454061105499,7.348210491410053,13.785843563124445,12.661530759173198,12.464903217723181,12.712342842978511,9.451214800624085,7.822943053002053,9.080868315423476,7.059358085590338
