,HE_1_10,HE_2_10,HE_3_10,CSPA_1_10,CSPA_2_10,CSPA_3_10,Aver_1_10,Aver_2_10,Aver_3_10,desikan_average_none_none,destrieux_average_none_none
0,11.6100053562342,8.436291497066298,6.663417308996787,12.501876610962123,11.776222501224963,11.320811217676615,11.716341220708617,8.711953613078036,7.192326548956408,8.392085870580285,6.440801614611569
