,HE_1_10,HE_2_10,HE_3_10,CSPA_1_10,CSPA_2_10,CSPA_3_10,Aver_1_10,Aver_2_10,Aver_3_10,desikan_average_none_none,destrieux_average_none_none
0,13.614030422277676,10.203813344655995,7.983053146547655,14.776110142317538,13.746512428746545,13.64828956935045,13.846443772006532,10.39312894907864,8.509716292187214,9.882264508109635,7.869867443523126
