,HE_1_10,HE_2_10,HE_3_10,CSPA_1_10,CSPA_2_10,CSPA_3_10,Aver_1_10,Aver_2_10,Aver_3_10,desikan_average_none_none,destrieux_average_none_none
0,12.955732079786731,9.543740307290474,7.4828260391463965,13.974336404347405,13.196486195163754,12.818784733948092,13.14033019251732,9.889754353137304,7.957387401149947,9.419818109086881,7.371822073306073
