,HE_1_10,HE_2_10,HE_3_10,CSPA_1_10,CSPA_2_10,CSPA_3_10,Aver_1_10,Aver_2_10,Aver_3_10,desikan_average_none_none,destrieux_average_none_none
0,13.115889895969964,9.762240321464517,7.8421578821808104,14.212814634878878,13.090975732649353,12.878810070388553,13.247846953373184,10.030483569182918,8.379701217974388,9.509020715263818,7.523566356888401
