,HE_1_10,HE_2_10,HE_3_10,CSPA_1_10,CSPA_2_10,CSPA_3_10,Aver_1_10,Aver_2_10,Aver_3_10,desikan_average_none_none,destrieux_average_none_none
0,12.61026830848281,9.270819371815676,7.366232342966183,13.756026596884006,12.692415911188029,12.31247190837664,12.765726802996674,9.524434444763424,7.840611469399078,9.285831966462604,7.3249247793861345
