,HE_1_10,HE_2_10,HE_3_10,CSPA_1_10,CSPA_2_10,CSPA_3_10,Aver_1_10,Aver_2_10,Aver_3_10,desikan_average_none_none,destrieux_average_none_none
0,13.046395761152134,9.713847792385561,7.673179673119791,14.0753841649231,13.154508275373688,12.941236489817015,13.171078334211538,9.913335349343104,8.180371507105125,9.511138293666264,7.476270384158518
