,HE_1_10,HE_2_10,HE_3_10,CSPA_1_10,CSPA_2_10,CSPA_3_10,Aver_1_10,Aver_2_10,Aver_3_10,desikan_average_none_none,destrieux_average_none_none
0,12.713900964211632,9.418324879607045,7.3562721463658205,13.867360209763781,12.654298449335442,12.370370198834918,12.652759839260995,9.56842782498306,7.828502160449524,9.249913482820318,7.286018200950015
