,HE_1_10,HE_2_10,HE_3_10,CSPA_1_10,CSPA_2_10,CSPA_3_10,Aver_1_10,Aver_2_10,Aver_3_10,desikan_average_none_none,destrieux_average_none_none
0,14.31065373565245,10.46288185475446,8.375886409151276,15.713796774284779,14.753676495809257,14.441415814516391,14.58962898371316,10.788149644098686,8.93912289752789,10.356311635159507,7.91686059337562
