,HE_1_10,HE_2_10,HE_3_10,CSPA_1_10,CSPA_2_10,CSPA_3_10,Aver_1_10,Aver_2_10,Aver_3_10,desikan_average_none_none,destrieux_average_none_none
0,13.051662362716524,9.35794488715049,7.34708737595533,14.057714585104266,13.252998787211965,12.977799318292314,13.16281287256286,9.61820738434118,7.900456797767045,9.358494244476985,7.318929248868823
