,HE_1_10,HE_2_10,HE_3_10,CSPA_1_10,CSPA_2_10,CSPA_3_10,Aver_1_10,Aver_2_10,Aver_3_10,desikan_average_none_none,destrieux_average_none_none
0,12.707364988219279,9.32260329231131,7.324476750870883,13.621616590759006,12.796104366343494,12.732260313236356,12.860512443014406,9.552772561731906,7.807379948363501,9.261587267222968,7.267463403682661
