,HE_1_10,HE_2_10,HE_3_10,CSPA_1_10,CSPA_2_10,CSPA_3_10,Aver_1_10,Aver_2_10,Aver_3_10,desikan_average_none_none,destrieux_average_none_none
0,12.445955517969596,9.068263726297404,7.16587231634653,13.650009584119882,12.657755496239865,12.338650074280991,12.63269232118,9.2864808650202,7.655571615142597,9.128404590327076,7.036539679208632
