,HE_1_10,HE_2_10,HE_3_10,CSPA_1_10,CSPA_2_10,CSPA_3_10,Aver_1_10,Aver_2_10,Aver_3_10,desikan_average_none_none,destrieux_average_none_none
0,12.564778972581435,8.983475011097186,7.119502391029969,13.542332470361208,12.815158557693206,12.48749035718353,12.814210603613308,9.220557836782218,7.547478395257749,9.16612148974551,7.148155861986299
