,HE_1_10,HE_2_10,HE_3_10,CSPA_1_10,CSPA_2_10,CSPA_3_10,Aver_1_10,Aver_2_10,Aver_3_10,desikan_average_none_none,destrieux_average_none_none
0,12.783768086660087,9.33108923504007,7.395790969723724,13.866827524429556,12.969363488787826,12.75804889144859,12.958510812022698,9.629014938455516,7.780513610949735,9.20728081113116,7.2646445384622265
