,HE_1_10,HE_2_10,HE_3_10,CSPA_1_10,CSPA_2_10,CSPA_3_10,Aver_1_10,Aver_2_10,Aver_3_10,desikan_average_none_none,destrieux_average_none_none
0,13.01822872156882,9.459790310601997,7.514188595426265,14.059451197873459,13.140989314338752,12.848003525449583,13.095815769062348,9.753218505690349,8.000211592474564,9.33848016246089,7.29107176649898
