,HE_1_10,HE_2_10,HE_3_10,CSPA_1_10,CSPA_2_10,CSPA_3_10,Aver_1_10,Aver_2_10,Aver_3_10,desikan_average_none_none,destrieux_average_none_none
0,14.000631267820049,10.284494574839357,8.098332991888713,15.135817237401401,14.088215652526474,14.157938640799891,14.190157744082242,10.661918032250664,8.751400156441056,9.768085228428044,7.843366519579013
