,HE_1_10,HE_2_10,HE_3_10,CSPA_1_10,CSPA_2_10,CSPA_3_10,Aver_1_10,Aver_2_10,Aver_3_10,desikan_average_none_none,destrieux_average_none_none
0,12.808794911522781,9.474218308774962,7.516317131626633,13.912037267188701,12.866720990913713,12.557104853261594,12.816985165108758,9.66970382807528,7.909587769992307,9.526150434571317,7.320205361427256
