,HE_1_10,HE_2_10,HE_3_10,CSPA_1_10,CSPA_2_10,CSPA_3_10,Aver_1_10,Aver_2_10,Aver_3_10,desikan_average_none_none,destrieux_average_none_none
0,12.388267573030177,9.121057600584349,7.264525287192738,13.447163157761247,12.489230035388694,12.325824710747735,12.530274382949182,9.331567362078626,7.691193204144571,9.098187388415571,7.1274321144896895
