,HE_1_10,HE_2_10,HE_3_10,CSPA_1_10,CSPA_2_10,CSPA_3_10,Aver_1_10,Aver_2_10,Aver_3_10,desikan_average_none_none,destrieux_average_none_none
0,12.029004076006217,9.110512537282695,7.137820463480527,13.088595420902552,12.118334982486342,11.688496243092137,12.197901593768512,9.373367948425278,7.594200996849006,8.612643107551763,6.869446714387254
