,HE_1_10,HE_2_10,HE_3_10,CSPA_1_10,CSPA_2_10,CSPA_3_10,Aver_1_10,Aver_2_10,Aver_3_10,desikan_average_none_none,destrieux_average_none_none
0,13.799959924681515,9.862244582568952,7.782983884578271,15.0676742698763,13.975735303629143,13.672269913244552,14.020619548913954,10.204773249246069,8.299659308410614,9.794301747188943,7.628670810833969
