,HE_1_10,HE_2_10,HE_3_10,CSPA_1_10,CSPA_2_10,CSPA_3_10,Aver_1_10,Aver_2_10,Aver_3_10,desikan_average_none_none,destrieux_average_none_none
0,12.888138674871723,9.598591584154953,7.509194738133176,13.99515199272672,13.145188376326857,12.938237573666807,13.041773355816755,9.83817976928433,8.103544624166979,9.310236330625587,7.21445350077694
