,HE_1_10,HE_2_10,HE_3_10,CSPA_1_10,CSPA_2_10,CSPA_3_10,Aver_1_10,Aver_2_10,Aver_3_10,desikan_average_none_none,destrieux_average_none_none
0,12.81421013376289,9.342884699639916,7.385031447096967,13.790751961807803,12.909982928422954,12.58918995007231,12.833721216211375,9.72712560136907,7.886685943002933,9.216314245760934,7.2926054091038885
