,HE_1_10,HE_2_10,HE_3_10,CSPA_1_10,CSPA_2_10,CSPA_3_10,Aver_1_10,Aver_2_10,Aver_3_10,desikan_average_none_none,destrieux_average_none_none
0,13.018525137837091,9.508481345193776,7.5479971358762326,14.203173611832282,13.29986822591604,12.81410178420677,13.222392696793388,9.721732989672654,7.8809025071683525,9.378736265161216,7.326768586377453
