,HE_1_10,HE_2_10,HE_3_10,CSPA_1_10,CSPA_2_10,CSPA_3_10,Aver_1_10,Aver_2_10,Aver_3_10,desikan_average_none_none,destrieux_average_none_none
0,12.245242973232594,9.11319673779045,7.14098043681314,13.488201060941696,12.459967894984828,12.224191085994303,12.465419161662965,9.293272094801097,7.6545159204785405,8.903102408540267,6.943339384482816
