,HE_1_10,HE_2_10,HE_3_10,CSPA_1_10,CSPA_2_10,CSPA_3_10,Aver_1_10,Aver_2_10,Aver_3_10,desikan_average_none_none,destrieux_average_none_none
0,11.773389020644002,8.70040310937081,6.857229372336744,12.764671896702307,11.903343457093731,11.753984241288512,11.873143507198245,8.975633117892096,7.300059474798403,8.696531158193329,6.7420580924044105
