,HE_1_10,HE_2_10,HE_3_10,CSPA_1_10,CSPA_2_10,CSPA_3_10,Aver_1_10,Aver_2_10,Aver_3_10,desikan_average_none_none,destrieux_average_none_none
0,11.675935248786217,8.897620401708505,6.951481801886425,12.757962440216776,11.82023141856535,11.423092843667252,11.78820658583267,9.07933066482955,7.411843783056157,8.696028281483835,6.901292170777454
