,HE_1_10,HE_2_10,HE_3_10,CSPA_1_10,CSPA_2_10,CSPA_3_10,Aver_1_10,Aver_2_10,Aver_3_10,desikan_average_none_none,destrieux_average_none_none
0,13.070343130968933,9.470676887193529,7.565108975338562,14.285945679272599,13.135043232526916,12.771105766494228,13.175145277891199,9.730892823580989,8.001285115414628,9.707349744401942,7.637305905604682
