,HE_1_10,HE_2_10,HE_3_10,CSPA_1_10,CSPA_2_10,CSPA_3_10,Aver_1_10,Aver_2_10,Aver_3_10,desikan_average_none_none,destrieux_average_none_none
0,12.672313337590616,9.181637375359841,7.228792960471487,13.800933428444278,12.979676557822485,12.560308196444133,12.850839061153518,9.461153386012104,7.644329106169759,9.199214086527114,7.143407946162342
