,HE_1_10,HE_2_10,HE_3_10,CSPA_1_10,CSPA_2_10,CSPA_3_10,Aver_1_10,Aver_2_10,Aver_3_10,desikan_average_none_none,destrieux_average_none_none
0,11.948430755693794,8.593211102297762,6.81913440125447,12.982165429211308,12.005719266750566,11.537260115679782,12.064917322112995,8.911749496094705,7.240820959297079,8.526826518629965,6.714488508945931
