,HE_1_10,HE_2_10,HE_3_10,CSPA_1_10,CSPA_2_10,CSPA_3_10,Aver_1_10,Aver_2_10,Aver_3_10,desikan_average_none_none,destrieux_average_none_none
0,12.144855396006498,9.075992203890944,7.041922995943337,13.097163986907578,12.411884735983099,11.993204788254173,12.325512298814285,9.366471024673602,7.549194246435583,8.641642145988525,6.752815397832386
