,HE_1_10,HE_2_10,HE_3_10,CSPA_1_10,CSPA_2_10,CSPA_3_10,Aver_1_10,Aver_2_10,Aver_3_10,desikan_average_none_none,destrieux_average_none_none
0,13.4565620224351,9.848698781432992,7.591607372203516,14.748951429729328,13.599246261822772,13.286527753522734,13.634645854917736,10.023929516911322,8.082093594234403,9.447159507036487,7.5816565994525975
