,HE_1_10,HE_2_10,HE_3_10,CSPA_1_10,CSPA_2_10,CSPA_3_10,Aver_1_10,Aver_2_10,Aver_3_10,desikan_average_none_none,destrieux_average_none_none
0,13.013690662441167,9.474065516636909,7.482054340358344,14.203355829093129,13.032938083205984,12.630444398487917,13.133797897621161,9.748808383732607,7.936046007163725,9.283156036801715,7.437094585619797
