,HE_1_10,HE_2_10,HE_3_10,CSPA_1_10,CSPA_2_10,CSPA_3_10,Aver_1_10,Aver_2_10,Aver_3_10,desikan_average_none_none,destrieux_average_none_none
0,12.650761751870753,9.334022853627232,7.332355123271035,13.651700116309176,12.782078818439212,12.51043190732564,12.813691691314805,9.524273530939563,7.890155675675492,9.332940696407286,7.396356341039902
