,HE_1_10,HE_2_10,HE_3_10,CSPA_1_10,CSPA_2_10,CSPA_3_10,Aver_1_10,Aver_2_10,Aver_3_10,desikan_average_none_none,destrieux_average_none_none
0,12.514186717493105,9.323862984889336,7.355004172343617,13.678738572583834,12.778969021276145,12.504608717362617,12.62968988460217,9.671576941866716,7.852128423451727,9.241523461502616,7.159643063465778
