,HE_1_10,HE_2_10,HE_3_10,CSPA_1_10,CSPA_2_10,CSPA_3_10,Aver_1_10,Aver_2_10,Aver_3_10,desikan_average_none_none,destrieux_average_none_none
0,13.807268044046564,9.975530487797721,7.9587847845800495,14.926844870264159,13.905859021667432,13.502653174611153,13.992596149932012,10.309197072173076,8.38267042618377,9.887491991015741,7.605948768002511
