,HE_1_10,HE_2_10,HE_3_10,CSPA_1_10,CSPA_2_10,CSPA_3_10,Aver_1_10,Aver_2_10,Aver_3_10,desikan_average_none_none,destrieux_average_none_none
0,12.253632798741425,8.754775094718106,6.766296232802437,13.444291668263304,12.377202449074026,11.794691334353665,12.466587769627901,9.124267507678264,7.294267907999921,8.663070454203012,6.931836104667335
