,HE_1_10,HE_2_10,HE_3_10,CSPA_1_10,CSPA_2_10,CSPA_3_10,Aver_1_10,Aver_2_10,Aver_3_10,desikan_average_none_none,destrieux_average_none_none
0,13.54034273150822,10.043277177199013,7.779079566029103,14.7194404603183,13.535702519437162,13.377391980897185,13.632954691942848,10.423101492046804,8.265365941033139,9.566099183683901,7.655489358334743
