,HE_1_10,HE_2_10,HE_3_10,CSPA_1_10,CSPA_2_10,CSPA_3_10,Aver_1_10,Aver_2_10,Aver_3_10,desikan_average_none_none,destrieux_average_none_none
0,11.661664182427172,8.657458005597277,6.834487046488675,12.782420988295584,11.850033762393654,11.57169410182972,11.759883210941695,8.977873957102448,7.282392326452896,8.442229358641058,6.652728786618506
