,HE_1_10,HE_2_10,HE_3_10,CSPA_1_10,CSPA_2_10,CSPA_3_10,Aver_1_10,Aver_2_10,Aver_3_10,desikan_average_none_none,destrieux_average_none_none
0,11.858731481690965,8.944070718313913,7.098218868543927,12.861699303098677,12.014090317310238,11.870087165079056,11.997938041822216,9.254037902556183,7.599459165672468,8.587816163605726,6.847741473468882
