,HE_1_10,HE_2_10,HE_3_10,CSPA_1_10,CSPA_2_10,CSPA_3_10,Aver_1_10,Aver_2_10,Aver_3_10,desikan_average_none_none,destrieux_average_none_none
0,12.732428121159911,9.407101239423266,7.393127453884989,13.735147709277966,12.800555145197945,12.523212438145071,12.81188291171479,9.814910669965297,7.991905260800701,9.136155868551949,7.200115816127266
