,HE_1_10,HE_2_10,HE_3_10,CSPA_1_10,CSPA_2_10,CSPA_3_10,Aver_1_10,Aver_2_10,Aver_3_10,desikan_average_none_none,destrieux_average_none_none
0,11.678705779336985,8.578870092395354,6.839395874727036,12.511032354144431,11.791485965552,11.516204630660415,11.720374054017064,8.799264947174294,7.260395128466377,8.469711910230178,6.567601036068613
