,HE_1_10,HE_2_10,HE_3_10,CSPA_1_10,CSPA_2_10,CSPA_3_10,Aver_1_10,Aver_2_10,Aver_3_10,desikan_average_none_none,destrieux_average_none_none
0,11.77729241099781,8.716390258559013,6.944205186448781,12.689225093157246,12.120507080229201,11.75047008071839,11.986151109723368,8.941996532987769,7.375398155177298,8.561970764126654,6.732371473145154
