,HE_1_10,HE_2_10,HE_3_10,CSPA_1_10,CSPA_2_10,CSPA_3_10,Aver_1_10,Aver_2_10,Aver_3_10,desikan_average_none_none,destrieux_average_none_none
0,11.964905227656123,9.118267603304437,7.223238992907291,12.919582901513728,12.244117243684155,11.814486172937391,12.10844728655624,9.405895247991474,7.609545575248806,8.866684463101528,6.9471485839210665
