,HE_1_10,HE_2_10,HE_3_10,CSPA_1_10,CSPA_2_10,CSPA_3_10,Aver_1_10,Aver_2_10,Aver_3_10,desikan_average_none_none,destrieux_average_none_none
0,12.3351060171282,9.02412965812849,7.169255667973319,13.47483958497833,12.266983901604014,12.291697019863626,12.45096093564851,9.362883815020666,7.610612768600863,8.637386495966442,6.84455026659171
