,HE_1_10,HE_2_10,HE_3_10,CSPA_1_10,CSPA_2_10,CSPA_3_10,Aver_1_10,Aver_2_10,Aver_3_10,desikan_average_none_none,destrieux_average_none_none
0,11.744699165528475,8.654460413464239,6.878462636534951,12.688303559565126,11.91433441616146,11.648614601268694,11.894328284126546,8.833937490758611,7.216301420283715,8.35302426048101,6.589793808733569
