,HE_1_10,HE_2_10,HE_3_10,CSPA_1_10,CSPA_2_10,CSPA_3_10,Aver_1_10,Aver_2_10,Aver_3_10,desikan_average_none_none,destrieux_average_none_none
0,12.672893823275368,9.48710993278475,7.384711653097077,13.604772279321272,12.624327112392463,12.744363914369224,12.682097497609726,9.728458077678276,7.929890922634327,9.123224426348855,7.235410730888923
