,HE_1_10,HE_2_10,HE_3_10,CSPA_1_10,CSPA_2_10,CSPA_3_10,Aver_1_10,Aver_2_10,Aver_3_10,desikan_average_none_none,destrieux_average_none_none
0,12.709419296898158,9.142453326200439,7.300311330142409,13.60718330225582,12.843624887554778,12.484041774671828,12.907075240509633,9.423198334700574,7.704854790601011,9.049621095815361,7.084898610103247
