,HE_1_10,HE_2_10,HE_3_10,CSPA_1_10,CSPA_2_10,CSPA_3_10,Aver_1_10,Aver_2_10,Aver_3_10,desikan_average_none_none,destrieux_average_none_none
0,12.040778117857945,9.04741212155134,6.912234644335057,12.967683595411508,12.012961744752381,11.725943986754457,12.037620630049448,9.269355261231288,7.433052202838438,8.632340234131807,6.87055861929024
