,HE_1_10,HE_2_10,HE_3_10,CSPA_1_10,CSPA_2_10,CSPA_3_10,Aver_1_10,Aver_2_10,Aver_3_10,desikan_average_none_none,destrieux_average_none_none
0,12.155539373432187,9.034346741993485,7.071029949003537,13.117955984097907,12.236833999736367,11.964029984823556,12.302251318009898,9.2409091937357,7.619730651120818,8.845990031176411,6.980902924936513
