,HE_1_10,HE_2_10,HE_3_10,CSPA_1_10,CSPA_2_10,CSPA_3_10,Aver_1_10,Aver_2_10,Aver_3_10,desikan_average_none_none,destrieux_average_none_none
0,11.817302478898139,8.664502781480415,6.798356610099044,12.92156926949066,12.088936005097175,11.758538485683845,11.992066965080017,8.89538136601064,7.302220574371331,8.720767609325462,6.923441658219041
