,HE_1_10,HE_2_10,HE_3_10,CSPA_1_10,CSPA_2_10,CSPA_3_10,Aver_1_10,Aver_2_10,Aver_3_10,desikan_average_none_none,destrieux_average_none_none
0,13.204073956178483,9.630788320242967,7.657834115560634,14.315535238563523,13.245849927662514,12.964123338730325,13.330232418932535,9.882050525510218,8.118094842315871,9.63020113207453,7.584650920197377
