,HE_1_10,HE_2_10,HE_3_10,CSPA_1_10,CSPA_2_10,CSPA_3_10,Aver_1_10,Aver_2_10,Aver_3_10,desikan_average_none_none,destrieux_average_none_none
0,13.371811028232402,9.722927654675852,7.7281040974014665,14.442899124224603,13.558766527197589,13.176941542911322,13.545263841190149,9.93221181137312,8.191425699262675,9.711310750122989,7.630689707287239
