,HE_1_10,HE_2_10,HE_3_10,CSPA_1_10,CSPA_2_10,CSPA_3_10,Aver_1_10,Aver_2_10,Aver_3_10,desikan_average_none_none,destrieux_average_none_none
0,12.213186128158934,8.981067865928784,7.030075377570937,13.267378342475773,12.360096741053598,12.11504701185815,12.388915626332407,9.217513747278746,7.51319322345914,8.915504219676976,7.068112970982127
