,HE_1_10,HE_2_10,HE_3_10,CSPA_1_10,CSPA_2_10,CSPA_3_10,Aver_1_10,Aver_2_10,Aver_3_10,desikan_average_none_none,destrieux_average_none_none
0,12.104379823713062,8.809955195829668,6.85191605454495,13.236316809342638,12.335708392151014,11.949554667304465,12.252544915995937,9.043407581217574,7.317553167046632,8.761430218014505,6.812530390619925
