,HE_1_10,HE_2_10,HE_3_10,CSPA_1_10,CSPA_2_10,CSPA_3_10,Aver_1_10,Aver_2_10,Aver_3_10,desikan_average_none_none,destrieux_average_none_none
0,13.535886349397535,9.940449576538363,7.719092687227715,14.479423289335429,13.600991451589993,13.46243648212029,13.660534485837102,10.255496675428063,8.244652614650882,9.623665707222868,7.548251463040956
