,HE_1_10,HE_2_10,HE_3_10,CSPA_1_10,CSPA_2_10,CSPA_3_10,Aver_1_10,Aver_2_10,Aver_3_10,desikan_average_none_none,destrieux_average_none_none
0,13.97416366690497,10.18078620941384,7.910301276751553,15.182604026441975,14.215587974967766,13.735140769330744,14.127211023824033,10.530876112109294,8.430623394517744,9.967748497458055,7.801906790216887
