,HE_1_10,HE_2_10,HE_3_10,CSPA_1_10,CSPA_2_10,CSPA_3_10,Aver_1_10,Aver_2_10,Aver_3_10,desikan_average_none_none,destrieux_average_none_none
0,12.992791331009615,9.73736170336059,7.593461521119457,13.976974595217591,13.033202044058186,12.860123249598463,13.13613578795281,10.045819658671707,8.121254091078375,9.21060527975523,7.226870931946021
