,HE_1_10,HE_2_10,HE_3_10,CSPA_1_10,CSPA_2_10,CSPA_3_10,Aver_1_10,Aver_2_10,Aver_3_10,desikan_average_none_none,destrieux_average_none_none
0,11.964139343583938,8.831867598381079,6.95460499560888,12.872494106922904,12.212600237995165,11.799059836892445,12.081355018809374,9.09041004969386,7.3882730262557965,8.627536477550066,6.76740592411661
