,HE_1_10,HE_2_10,HE_3_10,CSPA_1_10,CSPA_2_10,CSPA_3_10,Aver_1_10,Aver_2_10,Aver_3_10,desikan_average_none_none,destrieux_average_none_none
0,12.300596822999344,8.83165303985392,6.79716475664725,13.580679903331218,12.403809901249081,11.90929173139784,12.38115355234716,9.115784409726528,7.3665195700552895,8.834497279395508,7.061984461740799
