,HE_1_10,HE_2_10,HE_3_10,CSPA_1_10,CSPA_2_10,CSPA_3_10,Aver_1_10,Aver_2_10,Aver_3_10,desikan_average_none_none,destrieux_average_none_none
0,11.899930578151078,8.507225599301714,6.746202879009745,13.132044727005626,12.163867136187076,11.678145490490408,12.21053757799549,8.931729876079881,7.282299993234891,8.479758698464895,6.6247250074356
