,HE_1_10,HE_2_10,HE_3_10,CSPA_1_10,CSPA_2_10,CSPA_3_10,Aver_1_10,Aver_2_10,Aver_3_10,desikan_average_none_none,destrieux_average_none_none
0,13.197742538931502,9.499316756535016,7.454173200028341,14.316337998587311,13.514039574035234,13.22607424098141,13.527865084322377,9.833617227479683,8.027938831660519,9.659219363623036,7.5688396557896125
