,HE_1_10,HE_2_10,HE_3_10,CSPA_1_10,CSPA_2_10,CSPA_3_10,Aver_1_10,Aver_2_10,Aver_3_10,desikan_average_none_none,destrieux_average_none_none
0,13.588545518859975,9.88653269012076,7.925223545746643,14.673093532540612,13.712979009605426,13.505065901549255,13.8372511393922,10.167770717881604,8.441505674980704,9.797399176684976,7.625208373089301
