,HE_1_10,HE_2_10,HE_3_10,CSPA_1_10,CSPA_2_10,CSPA_3_10,Aver_1_10,Aver_2_10,Aver_3_10,desikan_average_none_none,destrieux_average_none_none
0,13.016830318566871,9.569808758292893,7.51532956106133,14.222868980870876,13.225127205364384,13.035941322122504,13.172098404503515,9.813888048666072,7.9667967370360975,9.299947380037171,7.236711093377954
