,HE_1_10,HE_2_10,HE_3_10,CSPA_1_10,CSPA_2_10,CSPA_3_10,Aver_1_10,Aver_2_10,Aver_3_10,desikan_average_none_none,destrieux_average_none_none
0,12.370482431264877,9.365299776242466,7.21941671859388,13.570235559334849,12.559546015396457,12.46586540650215,12.559677577255327,9.469063746678296,7.733952294291383,8.461275516753194,6.726363284761174
