,HE_1_10,HE_2_10,HE_3_10,CSPA_1_10,CSPA_2_10,CSPA_3_10,Aver_1_10,Aver_2_10,Aver_3_10,desikan_average_none_none,destrieux_average_none_none
0,11.816767800343063,8.795479945389987,6.84205422289171,12.771994916150051,11.991684631078282,11.835556781421083,11.932035680725793,8.98770071730178,7.288160031358191,8.551971884999382,6.5872731731149
