,HE_1_10,HE_2_10,HE_3_10,CSPA_1_10,CSPA_2_10,CSPA_3_10,Aver_1_10,Aver_2_10,Aver_3_10,desikan_average_none_none,destrieux_average_none_none
0,12.95709520912151,9.367380323967835,7.4078060333024105,14.229167469034756,13.111016084699054,12.656822688637776,13.132029827057442,9.685008447235564,8.00066490339954,9.297792192189522,7.338979506358391
