,HE_1_10,HE_2_10,HE_3_10,CSPA_1_10,CSPA_2_10,CSPA_3_10,Aver_1_10,Aver_2_10,Aver_3_10,desikan_average_none_none,destrieux_average_none_none
0,11.336058395207885,8.26810213419364,6.516269990734351,12.395245872570014,11.557436131880715,11.3033381827349,11.500862134688294,8.512413657439426,6.922847173884981,8.279030626774457,6.46556543335547
