,HE_1_10,HE_2_10,HE_3_10,CSPA_1_10,CSPA_2_10,CSPA_3_10,Aver_1_10,Aver_2_10,Aver_3_10,desikan_average_none_none,destrieux_average_none_none
0,12.440211417687097,9.147552396401911,7.333970082676748,13.509101703934258,12.600178024403787,12.159413634590418,12.577391651002216,9.468568160863194,7.891096268067685,9.013077768782278,7.067324942441302
