,HE_1_10,HE_2_10,HE_3_10,CSPA_1_10,CSPA_2_10,CSPA_3_10,Aver_1_10,Aver_2_10,Aver_3_10,desikan_average_none_none,destrieux_average_none_none
0,13.530445687086589,9.866160699042904,7.836010508557082,14.7555562488652,13.789591610419185,13.338456100909102,13.67548444511921,10.143341805843574,8.299429901053461,9.679359942822579,7.4720554969550355
