,HE_1_10,HE_2_10,HE_3_10,CSPA_1_10,CSPA_2_10,CSPA_3_10,Aver_1_10,Aver_2_10,Aver_3_10,desikan_average_none_none,destrieux_average_none_none
0,11.942991127615821,8.84903483146257,7.025581084758322,12.87479553486436,12.067853719238162,11.777903280351092,12.19926873755833,9.085152710756756,7.477382283506217,8.859136198782899,6.99521722677212
