,HE_1_10,HE_2_10,HE_3_10,CSPA_1_10,CSPA_2_10,CSPA_3_10,Aver_1_10,Aver_2_10,Aver_3_10,desikan_average_none_none,destrieux_average_none_none
0,12.71562574782555,9.23700341443228,7.265830113442226,13.92246350128074,13.026442719671524,12.567120194380552,12.966852228560503,9.486009969564927,7.733318070155653,9.346445783911523,7.208845995699977
