,HE_1_10,HE_2_10,HE_3_10,CSPA_1_10,CSPA_2_10,CSPA_3_10,Aver_1_10,Aver_2_10,Aver_3_10,desikan_average_none_none,destrieux_average_none_none
0,12.5500274389943,9.147045292970493,7.2438937664874965,13.6723988957074,12.664900639338468,12.592272983915201,12.794541245446544,9.528627145872765,7.722938199241215,8.924855159139153,7.049864124529768
