,HE_1_10,HE_2_10,HE_3_10,CSPA_1_10,CSPA_2_10,CSPA_3_10,Aver_1_10,Aver_2_10,Aver_3_10,desikan_average_none_none,destrieux_average_none_none
0,14.159004272824747,10.459099328844706,8.343224010062547,15.519093635326119,14.21152996464623,13.991594696755403,14.219866552167849,10.804535531694315,8.826685636828755,10.031202491825779,7.807437846127096
