,HE_1_10,HE_2_10,HE_3_10,CSPA_1_10,CSPA_2_10,CSPA_3_10,Aver_1_10,Aver_2_10,Aver_3_10,desikan_average_none_none,destrieux_average_none_none
0,12.205896808978128,8.831406844794385,6.921113126260892,13.517804117893892,12.41533735701147,12.250226315865952,12.433663174471556,9.1431340699289,7.426643608708007,8.68364031931159,6.812922908418543
