,HE_1_10,HE_2_10,HE_3_10,CSPA_1_10,CSPA_2_10,CSPA_3_10,Aver_1_10,Aver_2_10,Aver_3_10,desikan_average_none_none,destrieux_average_none_none
0,13.121417661830526,10.160901889493802,7.951067779091651,14.291676264734484,13.196832830276445,13.001140567603432,13.191511927317627,10.266941751731524,8.407626342136494,9.635097259533238,7.672232915549421
