,HE_1_10,HE_2_10,HE_3_10,CSPA_1_10,CSPA_2_10,CSPA_3_10,Aver_1_10,Aver_2_10,Aver_3_10,desikan_average_none_none,destrieux_average_none_none
0,11.773060219387892,8.572618034542062,6.727713534351222,12.6376605717043,11.984145218875968,11.258066637930492,11.824586769999046,8.879408054757022,7.191287170895832,8.473816871589845,6.631157795835953
