,HE_1_10,HE_2_10,HE_3_10,CSPA_1_10,CSPA_2_10,CSPA_3_10,Aver_1_10,Aver_2_10,Aver_3_10,desikan_average_none_none,destrieux_average_none_none
0,12.376371959611241,9.145645841791449,7.416390212069874,13.54133106850851,12.671664716132705,12.3158509658042,12.582831146941727,9.542366067084483,7.8202757303510175,8.982825936088586,7.086906143720902
