,HE_1_10,HE_2_10,HE_3_10,CSPA_1_10,CSPA_2_10,CSPA_3_10,Aver_1_10,Aver_2_10,Aver_3_10,desikan_average_none_none,destrieux_average_none_none
0,12.93486303016934,9.460494871891006,7.475387240286644,13.904085234982768,13.062260055499689,12.742147510339073,13.009195843365749,9.719545079245885,7.909736641465938,9.320514288768816,7.476150605945246
