,HE_1_10,HE_2_10,HE_3_10,CSPA_1_10,CSPA_2_10,CSPA_3_10,Aver_1_10,Aver_2_10,Aver_3_10,desikan_average_none_none,destrieux_average_none_none
0,11.9066889934562,8.69105644378545,6.901543258145075,12.855930285757438,12.047533277930974,11.866313587985431,12.11774016841963,8.862496661338582,7.374040963193107,8.538391563752072,6.836111992602436
