,HE_1_10,HE_2_10,HE_3_10,CSPA_1_10,CSPA_2_10,CSPA_3_10,Aver_1_10,Aver_2_10,Aver_3_10,desikan_average_none_none,destrieux_average_none_none
0,13.232396231559592,9.557927019793404,7.702618439167248,14.428763878022083,13.335658270778184,13.265621616802179,13.353259411995662,9.862906949559479,8.045391986963862,9.668354892784143,7.619151467734391
