,HE_1_10,HE_2_10,HE_3_10,CSPA_1_10,CSPA_2_10,CSPA_3_10,Aver_1_10,Aver_2_10,Aver_3_10,desikan_average_none_none,destrieux_average_none_none
0,12.254717230098464,8.925138526513827,7.115123635477707,13.405456932816147,12.582788853622775,12.32956251279148,12.449715786432717,9.138616748075624,7.500275674544717,8.93488900360788,6.865225187838909
