,HE_1_10,HE_2_10,HE_3_10,CSPA_1_10,CSPA_2_10,CSPA_3_10,Aver_1_10,Aver_2_10,Aver_3_10,desikan_average_none_none,destrieux_average_none_none
0,12.140719594616845,8.887418721106433,7.041910575372475,13.33164565596069,12.325474802650897,11.99252348899078,12.357542863420782,9.160007201746678,7.584394840318535,9.022117048995627,6.960999798198805
