,HE_1_10,HE_2_10,HE_3_10,CSPA_1_10,CSPA_2_10,CSPA_3_10,Aver_1_10,Aver_2_10,Aver_3_10,desikan_average_none_none,destrieux_average_none_none
0,13.393085467010033,10.003992031322863,7.962871847216229,14.604602617535779,13.539388781038225,13.155755966940873,13.534978750746946,10.269361701183543,8.562367874671434,10.096127186509268,7.873603039160309
