,HE_1_10,HE_2_10,HE_3_10,CSPA_1_10,CSPA_2_10,CSPA_3_10,Aver_1_10,Aver_2_10,Aver_3_10,desikan_average_none_none,destrieux_average_none_none
0,13.232681577247696,9.980457017765124,7.701686819751644,14.294171584141736,13.41907196779718,13.083130769186681,13.398927252994548,10.172206379825987,8.19149219387527,9.427883677452375,7.376772967806635
