,HE_1_10,HE_2_10,HE_3_10,CSPA_1_10,CSPA_2_10,CSPA_3_10,Aver_1_10,Aver_2_10,Aver_3_10,desikan_average_none_none,destrieux_average_none_none
0,12.365517326757162,9.058073492756728,7.133238362778087,13.50045035355935,12.425209353924384,12.529818550894504,12.530562171359163,9.335941040607468,7.589437138674294,9.100564661416483,7.075519836721891
