,HE_1_10,HE_2_10,HE_3_10,CSPA_1_10,CSPA_2_10,CSPA_3_10,Aver_1_10,Aver_2_10,Aver_3_10,desikan_average_none_none,destrieux_average_none_none
0,12.586414415889186,9.14537710060424,7.046013246501001,13.992703563676477,12.674518904237502,12.554544681247465,12.72142773427747,9.390229214284334,7.547175079740974,9.168502846211684,7.149251773612101
