,HE_1_10,HE_2_10,HE_3_10,CSPA_1_10,CSPA_2_10,CSPA_3_10,Aver_1_10,Aver_2_10,Aver_3_10,desikan_average_none_none,destrieux_average_none_none
0,12.131853934926358,8.945023027746949,7.235650948091771,13.026139960231315,12.31789153286817,12.292215908245918,12.30485815124476,9.161568258293007,7.655381131409673,8.940186623192261,6.865364085444349
