,HE_1_10,HE_2_10,HE_3_10,CSPA_1_10,CSPA_2_10,CSPA_3_10,Aver_1_10,Aver_2_10,Aver_3_10,desikan_average_none_none,destrieux_average_none_none
0,11.821328164963006,8.541577472309708,6.778026819035739,12.823679763337461,11.835035205519773,11.650193417156965,11.963907994273354,8.987374895498458,7.27143041939905,8.360892313479233,6.623251104482072
