,HE_1_10,HE_2_10,HE_3_10,CSPA_1_10,CSPA_2_10,CSPA_3_10,Aver_1_10,Aver_2_10,Aver_3_10,desikan_average_none_none,destrieux_average_none_none
0,12.15882265194782,8.751928611996624,7.029438348979503,13.352499157435611,12.327084612112987,12.006886357960276,12.264796712666863,9.087140735075439,7.49903370260175,8.604411374412539,6.7084341273688315
