,HE_1_10,HE_2_10,HE_3_10,CSPA_1_10,CSPA_2_10,CSPA_3_10,Aver_1_10,Aver_2_10,Aver_3_10,desikan_average_none_none,destrieux_average_none_none
0,13.902857431278285,10.275051576735715,8.252607801962109,14.962310937867413,14.013325816251887,13.917576168689692,14.06294460748558,10.49808923099778,8.709637006071603,10.101645009270326,7.948479495129045
