,HE_1_10,HE_2_10,HE_3_10,CSPA_1_10,CSPA_2_10,CSPA_3_10,Aver_1_10,Aver_2_10,Aver_3_10,desikan_average_none_none,destrieux_average_none_none
0,12.124399294126835,8.831784047950796,6.935170823523656,13.124342796773096,12.23029901623597,12.135021166446764,12.315140170800033,9.086437528340728,7.427058252466166,8.682329856350945,6.83755770205107
