,HE_1_10,HE_2_10,HE_3_10,CSPA_1_10,CSPA_2_10,CSPA_3_10,Aver_1_10,Aver_2_10,Aver_3_10,desikan_average_none_none,destrieux_average_none_none
0,17.55174266228822,12.677922457853464,9.70258815050998,19.87128914663415,17.583433250453048,17.640801612519166,17.792883504647886,13.131464911506912,10.309896236060789,10.835721390392461,8.826310511988387
