,HE_1_10,HE_2_10,HE_3_10,CSPA_1_10,CSPA_2_10,CSPA_3_10,Aver_1_10,Aver_2_10,Aver_3_10,desikan_average_none_none,destrieux_average_none_none
0,11.62438875419749,8.439716437998861,6.801675793324179,12.52557782830674,11.719862292187141,11.433576135376214,11.707488980423854,8.766426021879377,7.1265831973718825,8.403997748791863,6.63808482235368
