,HE_1_10,HE_2_10,HE_3_10,CSPA_1_10,CSPA_2_10,CSPA_3_10,Aver_1_10,Aver_2_10,Aver_3_10,desikan_average_none_none,destrieux_average_none_none
0,12.457760057348297,8.986465075086368,7.083715092846951,13.598600570665502,12.59395924968617,12.462848533876777,12.528960119097048,9.22574299243886,7.549507917016557,9.00847567592417,7.079521526066595
