,HE_1_10,HE_2_10,HE_3_10,CSPA_1_10,CSPA_2_10,CSPA_3_10,Aver_1_10,Aver_2_10,Aver_3_10,desikan_average_none_none,destrieux_average_none_none
0,11.931864420716822,8.913126716806872,7.066021399205173,12.960569385154804,12.042185540690056,11.690372141855327,11.997372098593472,9.09454425165778,7.442239153524821,8.518947620316423,6.801848324219248
