,HE_1_10,HE_2_10,HE_3_10,CSPA_1_10,CSPA_2_10,CSPA_3_10,Aver_1_10,Aver_2_10,Aver_3_10,desikan_average_none_none,destrieux_average_none_none
0,12.948525258332275,9.685177557534775,7.610255918999211,13.837516028733258,13.14470953129505,12.812889615144488,13.125476268114733,9.977619282590393,8.129391256803945,9.352277053941043,7.3151062556522835
