,HE_1_10,HE_2_10,HE_3_10,CSPA_1_10,CSPA_2_10,CSPA_3_10,Aver_1_10,Aver_2_10,Aver_3_10,desikan_average_none_none,destrieux_average_none_none
0,13.194065295756003,9.645602298432047,7.68402258441513,14.483046306130003,13.481585319428323,13.117742940937639,13.408227395724676,9.936225188777843,8.118668733206432,9.805026956477484,7.385817891964185
