,HE_1_10,HE_2_10,HE_3_10,CSPA_1_10,CSPA_2_10,CSPA_3_10,Aver_1_10,Aver_2_10,Aver_3_10,desikan_average_none_none,destrieux_average_none_none
0,12.394602848083714,9.116075093255418,7.141086575433604,13.378908433566647,12.50457946269483,12.352846199943338,12.509731448791621,9.227102562191552,7.557415689726528,8.76750298823617,6.850027470692263
