,HE_1_10,HE_2_10,HE_3_10,CSPA_1_10,CSPA_2_10,CSPA_3_10,Aver_1_10,Aver_2_10,Aver_3_10,desikan_average_none_none,destrieux_average_none_none
0,12.0219379048175,9.046910834129548,7.1951378955406105,12.940600146035516,12.146686765885619,12.158387239348668,12.18977913996917,9.317212390292132,7.685056688610424,8.892298025669158,6.9125215935489885
