,HE_1_10,HE_2_10,HE_3_10,CSPA_1_10,CSPA_2_10,CSPA_3_10,Aver_1_10,Aver_2_10,Aver_3_10,desikan_average_none_none,destrieux_average_none_none
0,13.219943845500415,9.772856046598738,7.618260823733486,14.361874445496861,13.466169132721605,13.03418258170151,13.387527417094358,10.00459408170412,8.222838384658566,9.318434156275039,7.2943691721871575
