,HE_1_10,HE_2_10,HE_3_10,CSPA_1_10,CSPA_2_10,CSPA_3_10,Aver_1_10,Aver_2_10,Aver_3_10,desikan_average_none_none,destrieux_average_none_none
0,13.688680080345762,10.072367472037007,7.904585408807522,14.545017791784119,14.064534677770931,13.450469362232623,13.869613247565194,10.432787796921879,8.602791477578823,9.65134524593163,7.532496692370871
