,HE_1_10,HE_2_10,HE_3_10,CSPA_1_10,CSPA_2_10,CSPA_3_10,Aver_1_10,Aver_2_10,Aver_3_10,desikan_average_none_none,destrieux_average_none_none
0,13.11128073257422,9.87005204465519,7.789208057723332,14.152614794823736,13.413735388878898,13.422072344379322,13.295611632172957,10.194206540257936,8.408369612860088,9.551255918061496,7.486557941903246
