,HE_1_10,HE_2_10,HE_3_10,CSPA_1_10,CSPA_2_10,CSPA_3_10,Aver_1_10,Aver_2_10,Aver_3_10,desikan_average_none_none,destrieux_average_none_none
0,11.961033966223349,8.73231225552094,6.878362067897927,13.016443018274494,12.142892193396296,11.812690449171662,12.10817287375322,8.961216640022608,7.296230634471667,8.58431497997884,6.801774260263454
