,HE_1_10,HE_2_10,HE_3_10,CSPA_1_10,CSPA_2_10,CSPA_3_10,Aver_1_10,Aver_2_10,Aver_3_10,desikan_average_none_none,destrieux_average_none_none
0,11.85095611702042,8.92105486325208,7.0087168801290165,12.92965739380091,12.002833522848933,11.822669472436651,11.947602167782831,9.193354656117318,7.4405965753075,8.504891404820722,6.799549762359623
