,HE_1_10,HE_2_10,HE_3_10,CSPA_1_10,CSPA_2_10,CSPA_3_10,Aver_1_10,Aver_2_10,Aver_3_10,desikan_average_none_none,destrieux_average_none_none
0,13.090890993489465,9.680057078259049,7.635559933591748,14.137365936886148,13.370330934333706,13.082768703662664,13.265311856108692,9.888149820997093,8.17162741345396,9.549665629863872,7.383727554854355
