,HE_1_10,HE_2_10,HE_3_10,CSPA_1_10,CSPA_2_10,CSPA_3_10,Aver_1_10,Aver_2_10,Aver_3_10,desikan_average_none_none,destrieux_average_none_none
0,12.69472920154468,9.491234112132823,7.425509774004227,13.894684286551021,12.948300373491723,12.32587800820641,12.884896739024907,9.809040478347624,8.00390880483876,9.339313793118874,7.341075681635326
