,HE_1_10,HE_2_10,HE_3_10,CSPA_1_10,CSPA_2_10,CSPA_3_10,Aver_1_10,Aver_2_10,Aver_3_10,desikan_average_none_none,destrieux_average_none_none
0,13.516921285760679,9.69489496068402,7.664742677529012,14.65423029440438,13.753694933706033,13.173957032359608,13.614690967536125,9.970520471132772,8.127872192895301,9.660630560933896,7.580310278225151
