,HE_1_10,HE_2_10,HE_3_10,CSPA_1_10,CSPA_2_10,CSPA_3_10,Aver_1_10,Aver_2_10,Aver_3_10,desikan_average_none_none,destrieux_average_none_none
0,12.860651579553867,9.550770766225636,7.516355297904393,13.985754951484754,13.153234472940772,12.908403794805908,13.007513042363927,9.71830299156326,8.008029224457836,9.402458566784306,7.366340825098141
