,HE_1_10,HE_2_10,HE_3_10,CSPA_1_10,CSPA_2_10,CSPA_3_10,Aver_1_10,Aver_2_10,Aver_3_10,desikan_average_none_none,destrieux_average_none_none
0,11.895469537932264,8.592742560019484,6.675741857225475,12.84337874772328,11.964791986237708,11.597362074059545,12.067949145025452,8.959618918785772,7.249101058046884,8.339930432098132,6.514392603745316
