,HE_1_10,HE_2_10,HE_3_10,CSPA_1_10,CSPA_2_10,CSPA_3_10,Aver_1_10,Aver_2_10,Aver_3_10,desikan_average_none_none,destrieux_average_none_none
0,12.81855591887358,9.413515385882004,7.512487026996586,14.090779190385417,13.085921001538646,12.651565233759836,13.103715078360489,9.622884103443646,7.912255768910857,9.289410801193442,7.215983761535961
