,HE_1_10,HE_2_10,HE_3_10,CSPA_1_10,CSPA_2_10,CSPA_3_10,Aver_1_10,Aver_2_10,Aver_3_10,desikan_average_none_none,destrieux_average_none_none
0,13.331666482341003,9.606160999210752,7.5191281658523215,14.279000284544253,13.43671355639217,12.867486868350802,13.429348118353666,9.892443428288038,8.113290019516064,9.31651353989907,7.2805545223957875
