,HE_1_10,HE_2_10,HE_3_10,CSPA_1_10,CSPA_2_10,CSPA_3_10,Aver_1_10,Aver_2_10,Aver_3_10,desikan_average_none_none,destrieux_average_none_none
0,12.975545990797862,9.898906437693096,7.83424346962787,13.968927560934247,13.077130411603527,13.418917240796638,13.006407021662444,10.090480362777527,8.117678640320817,9.529917661791973,7.589015833895916
