,HE_1_10,HE_2_10,HE_3_10,CSPA_1_10,CSPA_2_10,CSPA_3_10,Aver_1_10,Aver_2_10,Aver_3_10,desikan_average_none_none,destrieux_average_none_none
0,12.78243604451262,9.327437676953908,7.339936851462264,13.74373436630322,12.802879261314555,12.46419969606823,12.749975764867951,9.549373675514238,7.7200644405933225,9.373474091357004,7.4019194320064905
