,HE_1_10,HE_2_10,HE_3_10,CSPA_1_10,CSPA_2_10,CSPA_3_10,Aver_1_10,Aver_2_10,Aver_3_10,desikan_average_none_none,destrieux_average_none_none
0,12.099589386401195,9.218809709569069,7.3245071095995575,13.049947544971694,12.297642049398151,12.381684271471052,12.252777443455583,9.513629074907621,7.765716850896372,8.496018854646115,6.795877570104591
