,HE_1_10,HE_2_10,HE_3_10,CSPA_1_10,CSPA_2_10,CSPA_3_10,Aver_1_10,Aver_2_10,Aver_3_10,desikan_average_none_none,destrieux_average_none_none
0,13.011035639662968,9.539854695952247,7.559971331482455,13.98733029229227,13.121958891492817,12.661775467208082,13.115855060658971,9.840977689015743,8.146576929101602,9.17774982117366,7.218755709455376
