,HE_1_10,HE_2_10,HE_3_10,CSPA_1_10,CSPA_2_10,CSPA_3_10,Aver_1_10,Aver_2_10,Aver_3_10,desikan_average_none_none,destrieux_average_none_none
0,12.702384108647461,9.42946054664691,7.442011570287374,13.684342540605405,12.92152883669979,12.546288548225364,12.835854130440243,9.73998518790144,7.841804479219339,9.178816609289658,7.257769504626
