,HE_1_10,HE_2_10,HE_3_10,CSPA_1_10,CSPA_2_10,CSPA_3_10,Aver_1_10,Aver_2_10,Aver_3_10,desikan_average_none_none,destrieux_average_none_none
0,12.559863278143387,9.268469175818039,7.371041201038771,13.455420654277631,12.657814714005161,12.566619930125952,12.73621469786524,9.519989299688806,7.855218696906031,9.115552838847748,7.0666288246515325
