,HE_1_10,HE_2_10,HE_3_10,CSPA_1_10,CSPA_2_10,CSPA_3_10,Aver_1_10,Aver_2_10,Aver_3_10,desikan_average_none_none,destrieux_average_none_none
0,12.50624559288668,9.152892532930393,7.236261320717122,13.56935515198578,12.825544629992029,12.39675458874751,12.70470105908269,9.409618182748877,7.774844420860045,8.952561073349097,6.924933249572674
