,HE_1_10,HE_2_10,HE_3_10,CSPA_1_10,CSPA_2_10,CSPA_3_10,Aver_1_10,Aver_2_10,Aver_3_10,desikan_average_none_none,destrieux_average_none_none
0,13.19779814451567,9.645059959122737,7.561873584848031,14.358087034169417,13.311710006993591,13.044156499699024,13.309300354815493,9.86876583513866,8.03839686428036,9.128653403456012,7.130883433508341
