,HE_1_10,HE_2_10,HE_3_10,CSPA_1_10,CSPA_2_10,CSPA_3_10,Aver_1_10,Aver_2_10,Aver_3_10,desikan_average_none_none,destrieux_average_none_none
0,12.265612594288624,9.107372758207571,7.204051400765627,13.282073234718247,12.501078339968048,12.183004210404084,12.475770312099515,9.372024130389917,7.705228675537651,8.680574609393268,6.838269358297386
