,HE_1_10,HE_2_10,HE_3_10,CSPA_1_10,CSPA_2_10,CSPA_3_10,Aver_1_10,Aver_2_10,Aver_3_10,desikan_average_none_none,destrieux_average_none_none
0,12.323215902761444,8.904007697880074,7.100239363852176,13.4519434855687,12.456849732076261,11.98392507927954,12.468296364341166,9.139749565226717,7.484731682681184,8.837108668066486,6.910710313244498
