,HE_1_10,HE_2_10,HE_3_10,CSPA_1_10,CSPA_2_10,CSPA_3_10,Aver_1_10,Aver_2_10,Aver_3_10,desikan_average_none_none,destrieux_average_none_none
0,13.54919903032171,10.032093012356565,7.860666261171805,14.542017619424216,13.90269311258289,13.574515123736756,13.782810871472918,10.196264478378085,8.36762291763437,9.905840419778976,7.673754661346255
