,HE_1_10,HE_2_10,HE_3_10,CSPA_1_10,CSPA_2_10,CSPA_3_10,Aver_1_10,Aver_2_10,Aver_3_10,desikan_average_none_none,destrieux_average_none_none
0,11.51092736198325,8.349495380146578,6.711936661467856,12.549200356367944,11.775632532321564,11.284381974424525,11.658288353340215,8.60464880540862,7.098729569080185,8.416701150109636,6.557640710792004
