,HE_1_10,HE_2_10,HE_3_10,CSPA_1_10,CSPA_2_10,CSPA_3_10,Aver_1_10,Aver_2_10,Aver_3_10,desikan_average_none_none,destrieux_average_none_none
0,13.754508320004003,10.430633001131682,8.183446293596202,14.867492976717607,13.869125620887349,13.635669385582228,13.858001038531578,10.672323167725489,8.620688373026589,9.79624478395567,7.553245260322369
