,HE_1_10,HE_2_10,HE_3_10,CSPA_1_10,CSPA_2_10,CSPA_3_10,Aver_1_10,Aver_2_10,Aver_3_10,desikan_average_none_none,destrieux_average_none_none
0,13.31820773072516,10.08109868656567,7.980778657401068,14.325379215318856,13.513446517637094,13.494704831056596,13.556853110428758,10.374264112788255,8.56052063509954,9.658854462523596,7.611340409001218
