,HE_1_10,HE_2_10,HE_3_10,CSPA_1_10,CSPA_2_10,CSPA_3_10,Aver_1_10,Aver_2_10,Aver_3_10,desikan_average_none_none,destrieux_average_none_none
0,13.911391371845179,10.373770932828792,8.123180081566227,15.017175451603642,14.199424080519059,14.03224183115523,14.064415553804134,10.559292398795701,8.618232192571568,10.110260729946614,8.031040382337483
