,HE_1_10,HE_2_10,HE_3_10,CSPA_1_10,CSPA_2_10,CSPA_3_10,Aver_1_10,Aver_2_10,Aver_3_10,desikan_average_none_none,destrieux_average_none_none
0,12.412243089363432,9.340856196536768,7.234552336719863,13.493076593920083,12.64353711784702,12.698120653306836,12.587595226312223,9.45806568522635,7.736215798409769,8.936921805846541,6.965149924499135
