,HE_1_10,HE_2_10,HE_3_10,CSPA_1_10,CSPA_2_10,CSPA_3_10,Aver_1_10,Aver_2_10,Aver_3_10,desikan_average_none_none,destrieux_average_none_none
0,11.892542704079613,8.707084999692084,6.955341159190551,12.940831251020983,12.02276597831877,11.713711251076056,12.152370370678348,9.068854211643275,7.5169835874539634,8.552611099913104,6.687683052816198
