,HE_1_10,HE_2_10,HE_3_10,CSPA_1_10,CSPA_2_10,CSPA_3_10,Aver_1_10,Aver_2_10,Aver_3_10,desikan_average_none_none,destrieux_average_none_none
0,13.12854998559877,9.489196661718754,7.341917404531655,14.306593935465257,13.292244957115424,13.10773437247763,13.349897062538062,9.743225483327588,7.872024371639126,9.465220063059714,7.194429852741942
