,HE_1_10,HE_2_10,HE_3_10,CSPA_1_10,CSPA_2_10,CSPA_3_10,Aver_1_10,Aver_2_10,Aver_3_10,desikan_average_none_none,destrieux_average_none_none
0,12.413455223500817,8.972457315345967,7.161078253449343,13.406992276256789,12.384449547956105,12.221297618908439,12.484515114335798,9.300312778902779,7.572142467092349,8.859082619799253,6.887483847996318
