,HE_1_10,HE_2_10,HE_3_10,CSPA_1_10,CSPA_2_10,CSPA_3_10,Aver_1_10,Aver_2_10,Aver_3_10,desikan_average_none_none,destrieux_average_none_none
0,12.798574772679217,9.557054677426176,7.477454000553865,13.800157238661315,12.931020430410715,12.859647818010394,12.92482754821058,9.754938255885499,7.9721124878837175,9.404105913372044,7.3331255959656865
