,HE_1_10,HE_2_10,HE_3_10,CSPA_1_10,CSPA_2_10,CSPA_3_10,Aver_1_10,Aver_2_10,Aver_3_10,desikan_average_none_none,destrieux_average_none_none
0,11.616294024861414,8.69452231925238,6.812612469469742,12.54139717702777,11.756110435170113,11.804082714102362,11.78601608679132,8.96859583674956,7.373272349557606,7.884686148196239,6.348150550243407
