,HE_1_10,HE_2_10,HE_3_10,CSPA_1_10,CSPA_2_10,CSPA_3_10,Aver_1_10,Aver_2_10,Aver_3_10,desikan_average_none_none,destrieux_average_none_none
0,12.777298769743714,9.319984320030166,7.270786602016455,13.819001587242884,12.973819808020723,12.550334004239822,12.904938595469899,9.56341990861399,7.759782961539302,8.92072999077329,7.088039545325726
