,HE_1_10,HE_2_10,HE_3_10,CSPA_1_10,CSPA_2_10,CSPA_3_10,Aver_1_10,Aver_2_10,Aver_3_10,desikan_average_none_none,destrieux_average_none_none
0,11.239699979960688,8.477009648275269,6.681160686433181,12.281355678856876,11.431321245020358,11.07610521132173,11.299456370284815,8.586266501504236,7.029663482359272,8.200687796361576,6.418176709838528
