,HE_1_10,HE_2_10,HE_3_10,CSPA_1_10,CSPA_2_10,CSPA_3_10,Aver_1_10,Aver_2_10,Aver_3_10,desikan_average_none_none,destrieux_average_none_none
0,12.017804223279676,8.451935396619895,6.72078920645673,12.910391719419435,12.088059232805206,11.73630525864453,12.077827803717193,8.77709932595107,7.082860025337925,8.657135853759636,6.734717939036808
