,HE_1_10,HE_2_10,HE_3_10,CSPA_1_10,CSPA_2_10,CSPA_3_10,Aver_1_10,Aver_2_10,Aver_3_10,desikan_average_none_none,destrieux_average_none_none
0,12.09208918412625,8.950697710729536,7.062889725235622,13.100574942225252,12.468384882196256,11.888782065281632,12.257218937909254,9.15274560623336,7.472535781688709,8.600610512355418,6.902186607471231
