,HE_1_10,HE_2_10,HE_3_10,CSPA_1_10,CSPA_2_10,CSPA_3_10,Aver_1_10,Aver_2_10,Aver_3_10,desikan_average_none_none,destrieux_average_none_none
0,12.309387145210632,8.864046431589543,6.9549540705824,13.159178703312094,12.499122274501852,12.166401647822369,12.456754970700748,9.157788945208383,7.426490514433309,9.003053034220553,6.898607430316269
