,HE_1_10,HE_2_10,HE_3_10,CSPA_1_10,CSPA_2_10,CSPA_3_10,Aver_1_10,Aver_2_10,Aver_3_10,desikan_average_none_none,destrieux_average_none_none
0,13.606926443930591,10.096956884318915,8.008491323416582,14.682852641867939,13.720163042039971,13.365022750104396,13.732881555520715,10.361942171754867,8.540141535864489,9.70769688085563,7.679302690208205
