,HE_1_10,HE_2_10,HE_3_10,CSPA_1_10,CSPA_2_10,CSPA_3_10,Aver_1_10,Aver_2_10,Aver_3_10,desikan_average_none_none,destrieux_average_none_none
0,13.681656927093313,10.242175847480604,8.084179260589652,14.671860473128238,13.783347396387477,13.436736778161126,13.873662274747053,10.352613066770608,8.608852778550231,9.750769522474249,7.601683985273794
