,HE_1_10,HE_2_10,HE_3_10,CSPA_1_10,CSPA_2_10,CSPA_3_10,Aver_1_10,Aver_2_10,Aver_3_10,desikan_average_none_none,destrieux_average_none_none
0,13.54678271218638,9.978119838337843,7.999386168748177,14.758819855141095,13.729751387111204,13.477011135963807,13.694736309282082,10.2745273443362,8.412848785217758,10.103111344457895,7.9285819583484605
