,HE_1_10,HE_2_10,HE_3_10,CSPA_1_10,CSPA_2_10,CSPA_3_10,Aver_1_10,Aver_2_10,Aver_3_10,desikan_average_none_none,destrieux_average_none_none
0,12.837067278428949,9.409891450408898,7.374585065739831,14.06292261399591,12.840357216804078,12.77211427443394,12.899834053484327,9.631536160590901,7.83654545231888,9.43908165217391,7.39210052888655
