,HE_1_10,HE_2_10,HE_3_10,CSPA_1_10,CSPA_2_10,CSPA_3_10,Aver_1_10,Aver_2_10,Aver_3_10,desikan_average_none_none,destrieux_average_none_none
0,13.188606334496646,9.870281370723903,7.793352292777825,14.261863076633976,13.231610247667126,13.1464726787816,13.313981593369505,10.107049573158685,8.351241880323435,9.53294989850529,7.454025235200675
