,HE_1_10,HE_2_10,HE_3_10,CSPA_1_10,CSPA_2_10,CSPA_3_10,Aver_1_10,Aver_2_10,Aver_3_10,desikan_average_none_none,destrieux_average_none_none
0,14.153793726143006,10.40579237512161,8.365283957110913,15.290116888420354,14.22359202813304,14.149305807228835,14.357965030716262,10.701922585998735,8.81213452370433,10.30708465994313,8.227469352613237
