,HE_1_10,HE_2_10,HE_3_10,CSPA_1_10,CSPA_2_10,CSPA_3_10,Aver_1_10,Aver_2_10,Aver_3_10,desikan_average_none_none,destrieux_average_none_none
0,12.369962008648665,9.08949095457096,7.160733498959405,13.425884156363479,12.583495603859966,12.409093044512382,12.529459936705836,9.330756109585538,7.476718982473302,8.852672570348766,7.0319588807520725
