,HE_1_10,HE_2_10,HE_3_10,CSPA_1_10,CSPA_2_10,CSPA_3_10,Aver_1_10,Aver_2_10,Aver_3_10,desikan_average_none_none,destrieux_average_none_none
0,14.393367490688027,10.744512561555663,8.535379375676406,15.911200479357019,14.683630899798889,14.64452903123908,14.750079124353134,11.019067357490679,9.103249436140128,10.235074273549184,8.05025118038216
