,HE_1_10,HE_2_10,HE_3_10,CSPA_1_10,CSPA_2_10,CSPA_3_10,Aver_1_10,Aver_2_10,Aver_3_10,desikan_average_none_none,destrieux_average_none_none
0,12.644834782923098,9.144596780489115,7.146082264935044,13.807977565412427,12.887618918455498,12.298525263371815,12.795673514628248,9.447298577058246,7.630680783424884,9.199601087198756,7.2052486204401935
