,HE_1_10,HE_2_10,HE_3_10,CSPA_1_10,CSPA_2_10,CSPA_3_10,Aver_1_10,Aver_2_10,Aver_3_10,desikan_average_none_none,destrieux_average_none_none
0,12.42853246113148,8.995082526390838,7.097134855536086,13.520931970087194,12.608684394399084,12.276204901872283,12.544470503605844,9.232974272822442,7.548587733031449,8.899289631405233,6.914167643402351
