,HE_1_10,HE_2_10,HE_3_10,CSPA_1_10,CSPA_2_10,CSPA_3_10,Aver_1_10,Aver_2_10,Aver_3_10,desikan_average_none_none,destrieux_average_none_none
0,12.031112038465563,8.654075655381433,6.6590536135454395,12.986455159860201,12.205068480479524,11.715620378474913,12.20810288494485,9.014276277788085,7.17531142016708,8.261102711998113,6.537871145826264
