,HE_1_10,HE_2_10,HE_3_10,CSPA_1_10,CSPA_2_10,CSPA_3_10,Aver_1_10,Aver_2_10,Aver_3_10,desikan_average_none_none,destrieux_average_none_none
0,12.576996136029582,9.271074317439002,7.359970604010008,13.50870162682324,12.647843658723408,12.53321166253816,12.716600159244932,9.491161634336523,7.815141831677214,9.269023992529325,7.244825331500927
