,HE_1_10,HE_2_10,HE_3_10,CSPA_1_10,CSPA_2_10,CSPA_3_10,Aver_1_10,Aver_2_10,Aver_3_10,desikan_average_none_none,destrieux_average_none_none
0,12.325765242807742,8.98803610836892,7.015610949560576,13.332878004794823,12.440267136434901,11.98356375482973,12.394984781591639,9.292586231009604,7.494884118807728,8.870488147873148,6.895702547923719
