,HE_1_10,HE_2_10,HE_3_10,CSPA_1_10,CSPA_2_10,CSPA_3_10,Aver_1_10,Aver_2_10,Aver_3_10,desikan_average_none_none,destrieux_average_none_none
0,11.837488759654102,8.83797164155064,6.876983379170629,12.835498496841705,12.142269178385318,11.736633819628713,12.020576213347244,9.018960331465525,7.339178309787497,8.530702633526646,6.655326915043055
