,HE_1_10,HE_2_10,HE_3_10,CSPA_1_10,CSPA_2_10,CSPA_3_10,Aver_1_10,Aver_2_10,Aver_3_10,desikan_average_none_none,destrieux_average_none_none
0,14.610561574911827,11.14770288940509,8.854688047261366,15.71195251123162,14.851204268389104,14.774411269002846,14.812243240321864,11.328642801211297,9.500950633084994,10.705864447223616,8.466326887320042
