,HE_1_10,HE_2_10,HE_3_10,CSPA_1_10,CSPA_2_10,CSPA_3_10,Aver_1_10,Aver_2_10,Aver_3_10,desikan_average_none_none,destrieux_average_none_none
0,12.620123458660066,9.273947923402316,7.309610144468305,13.651700230597294,12.86409735357408,12.256001227632913,12.79281755341523,9.501136518184778,7.832622321374935,9.221490060774274,7.217298942129881
