,HE_1_10,HE_2_10,HE_3_10,CSPA_1_10,CSPA_2_10,CSPA_3_10,Aver_1_10,Aver_2_10,Aver_3_10,desikan_average_none_none,destrieux_average_none_none
0,12.835272032179267,9.418766289392211,7.418847585197109,13.996092519825543,12.970076436558738,12.651343900868325,13.087993611286953,9.724108971434202,7.939927445552235,9.186215120191012,7.3196593524207625
