,HE_1_10,HE_2_10,HE_3_10,CSPA_1_10,CSPA_2_10,CSPA_3_10,Aver_1_10,Aver_2_10,Aver_3_10,desikan_average_none_none,destrieux_average_none_none
0,11.35749962961322,8.178265676007427,6.482107957708028,12.34287170827007,11.545761468054161,11.05864027514644,11.409563496432275,8.436368353807982,6.848935841309886,8.362408174436476,6.492986557517848
