,HE_1_10,HE_2_10,HE_3_10,CSPA_1_10,CSPA_2_10,CSPA_3_10,Aver_1_10,Aver_2_10,Aver_3_10,desikan_average_none_none,destrieux_average_none_none
0,12.234029628808852,8.911702530877019,7.007267423629648,13.35661906696307,12.352825331631703,11.690156024312811,12.329197147985504,9.190970681848142,7.564528995138492,8.776992720667264,6.990338145493819
