,HE_1_10,HE_2_10,HE_3_10,CSPA_1_10,CSPA_2_10,CSPA_3_10,Aver_1_10,Aver_2_10,Aver_3_10,desikan_average_none_none,destrieux_average_none_none
0,12.546940391388747,9.179067773206583,7.301817946596876,13.419082941637317,12.58782367125824,12.429224839813747,12.673645362024367,9.555057443078507,7.751382175383259,8.958859137812,6.9761233858159635
