,HE_1_10,HE_2_10,HE_3_10,CSPA_1_10,CSPA_2_10,CSPA_3_10,Aver_1_10,Aver_2_10,Aver_3_10,desikan_average_none_none,destrieux_average_none_none
0,12.699417145115053,9.218588361294092,7.277388878756861,13.807643503263826,12.934915816215065,12.610337893607257,12.872945194707501,9.604988189317332,7.779091680494867,9.254492276924925,7.117162935189012
