,HE_1_10,HE_2_10,HE_3_10,CSPA_1_10,CSPA_2_10,CSPA_3_10,Aver_1_10,Aver_2_10,Aver_3_10,desikan_average_none_none,destrieux_average_none_none
0,13.168058851760682,9.777591622226367,7.834628276303742,14.169076592938579,13.34301612553594,13.105981172036058,13.414658241695783,10.168119019854517,8.367824217492846,9.491310794980661,7.45666165471577
