,HE_1_10,HE_2_10,HE_3_10,CSPA_1_10,CSPA_2_10,CSPA_3_10,Aver_1_10,Aver_2_10,Aver_3_10,desikan_average_none_none,destrieux_average_none_none
0,12.561858565151049,9.382832167823524,7.314981678286927,13.635654800664673,12.59530538482794,12.675927258487647,12.62634203554395,9.479836192641475,7.818120236170946,9.087814232813503,7.072947813619912
