,HE_1_10,HE_2_10,HE_3_10,CSPA_1_10,CSPA_2_10,CSPA_3_10,Aver_1_10,Aver_2_10,Aver_3_10,desikan_average_none_none,destrieux_average_none_none
0,14.135250283032692,10.359313296247564,8.127142335948609,15.620512482056183,14.667893061864838,14.546018888851767,14.510217898591554,10.737502723807678,8.662808200963582,10.342918335388546,8.023635316561377
