,HE_1_10,HE_2_10,HE_3_10,CSPA_1_10,CSPA_2_10,CSPA_3_10,Aver_1_10,Aver_2_10,Aver_3_10,desikan_average_none_none,destrieux_average_none_none
0,12.22015478493233,8.834256320718625,6.905352803834713,13.165616419734835,12.203368984200424,12.128387483721568,12.35228329738668,9.201185180237948,7.457885177310734,8.824114290220303,6.94636173191178
