,HE_1_10,HE_2_10,HE_3_10,CSPA_1_10,CSPA_2_10,CSPA_3_10,Aver_1_10,Aver_2_10,Aver_3_10,desikan_average_none_none,destrieux_average_none_none
0,12.728848445774533,9.1600078519731,6.996956244895595,13.902845416097335,12.741619838404553,12.475060836533537,12.769330768982842,9.556888623133304,7.506075577226008,8.92354531526557,6.98303820978281
