,HE_1_10,HE_2_10,HE_3_10,CSPA_1_10,CSPA_2_10,CSPA_3_10,Aver_1_10,Aver_2_10,Aver_3_10,desikan_average_none_none,destrieux_average_none_none
0,11.810630734284935,8.735082120517845,6.948110125055563,12.940289999368362,12.11308223811477,11.862968737129009,12.020166236286743,9.07135215968111,7.351518492843173,8.710897868211449,6.688366308450069
