,HE_1_10,HE_2_10,HE_3_10,CSPA_1_10,CSPA_2_10,CSPA_3_10,Aver_1_10,Aver_2_10,Aver_3_10,desikan_average_none_none,destrieux_average_none_none
0,11.43819801096917,8.379907337049655,6.604612228238089,12.458910875444632,11.57741074205621,11.244731831892642,11.60007380013136,8.656394943434806,6.997083379966232,8.261760601133728,6.556698298086726
