,HE_1_10,HE_2_10,HE_3_10,CSPA_1_10,CSPA_2_10,CSPA_3_10,Aver_1_10,Aver_2_10,Aver_3_10,desikan_average_none_none,destrieux_average_none_none
0,12.483059354120808,9.184491630915117,7.249782392023355,13.453061618292008,12.59542261929062,12.290271719959993,12.667408125773616,9.507216418965468,7.7252783476129565,9.037958234232285,7.0874809994033665
