,HE_1_10,HE_2_10,HE_3_10,CSPA_1_10,CSPA_2_10,CSPA_3_10,Aver_1_10,Aver_2_10,Aver_3_10,desikan_average_none_none,destrieux_average_none_none
0,12.97811182100783,9.315268031656746,7.433383240307927,13.961198301819598,13.035358395197234,12.610705439096488,13.151929430100601,9.7156190056683,7.911270211611834,8.914679524230204,7.067768960850365
