,HE_1_10,HE_2_10,HE_3_10,CSPA_1_10,CSPA_2_10,CSPA_3_10,Aver_1_10,Aver_2_10,Aver_3_10,desikan_average_none_none,destrieux_average_none_none
0,12.775800629100475,9.342884102788828,7.250215311624796,13.686617721594727,12.911725860888321,12.584730412292163,12.846972933915787,9.559069432356479,7.721784034011693,9.341073223638046,7.300127047468506
