,HE_1_10,HE_2_10,HE_3_10,CSPA_1_10,CSPA_2_10,CSPA_3_10,Aver_1_10,Aver_2_10,Aver_3_10,desikan_average_none_none,destrieux_average_none_none
0,10.935865685429757,8.364804683799221,6.5748528741834,11.633999774042325,11.167500602670444,11.010557831738057,11.113413103872578,8.569616041777559,6.979739691009966,8.21473170902177,6.501840019758537
