,HE_1_10,HE_2_10,HE_3_10,CSPA_1_10,CSPA_2_10,CSPA_3_10,Aver_1_10,Aver_2_10,Aver_3_10,desikan_average_none_none,destrieux_average_none_none
0,11.830649789379908,8.50693325954004,6.787624005326066,12.876715885286488,11.921653914447937,11.36163237943517,11.920248582194937,8.850583788804288,7.1929105174411285,8.519024323428258,6.749542916073912
