,HE_1_10,HE_2_10,HE_3_10,CSPA_1_10,CSPA_2_10,CSPA_3_10,Aver_1_10,Aver_2_10,Aver_3_10,desikan_average_none_none,destrieux_average_none_none
0,12.634487137112043,9.383524479910012,7.391091410640265,13.676796806832012,12.700702353693579,12.528812133950165,12.679543806805594,9.645075966769626,7.880945695815363,9.325959256446179,7.305854766240201
