,HE_1_10,HE_2_10,HE_3_10,CSPA_1_10,CSPA_2_10,CSPA_3_10,Aver_1_10,Aver_2_10,Aver_3_10,desikan_average_none_none,destrieux_average_none_none
0,12.42764140387632,9.045860309817723,7.037305332675107,13.50436936706286,12.533509612582353,12.210934765092713,12.482868805157263,9.259695950665376,7.6085415995531225,8.999536931071448,7.1329722979939865
