,HE_1_10,HE_2_10,HE_3_10,CSPA_1_10,CSPA_2_10,CSPA_3_10,Aver_1_10,Aver_2_10,Aver_3_10,desikan_average_none_none,destrieux_average_none_none
0,11.955374895610518,8.863647127372658,7.124907952676573,12.92937506711553,12.119121078550041,11.738334888661607,11.97623475991433,9.11757566632321,7.537177524473716,8.80521591397171,6.858664545817093
