,HE_1_10,HE_2_10,HE_3_10,CSPA_1_10,CSPA_2_10,CSPA_3_10,Aver_1_10,Aver_2_10,Aver_3_10,desikan_average_none_none,destrieux_average_none_none
0,13.318768996066087,9.840322630242577,7.763825516123796,14.274970834606057,13.559167150799453,13.230476644508409,13.47571080168168,10.054035194871744,8.20426723539132,9.79847832507255,7.4916103798236335
