,HE_1_10,HE_2_10,HE_3_10,CSPA_1_10,CSPA_2_10,CSPA_3_10,Aver_1_10,Aver_2_10,Aver_3_10,desikan_average_none_none,destrieux_average_none_none
0,12.512073142115359,9.052156117034281,7.111853425951765,13.75592868787903,12.682698892921593,12.479107216649473,12.686827594507383,9.320878616038847,7.659601603640832,9.210111358695238,7.137204724011068
