,HE_1_10,HE_2_10,HE_3_10,CSPA_1_10,CSPA_2_10,CSPA_3_10,Aver_1_10,Aver_2_10,Aver_3_10,desikan_average_none_none,destrieux_average_none_none
0,12.017634686631204,8.651425933663594,6.92259808004913,12.994734798371967,12.142288581310048,11.924177001759995,12.145576219745765,8.988211921505455,7.344193309913639,8.966162079965228,7.034162508120519
