,HE_1_10,HE_2_10,HE_3_10,CSPA_1_10,CSPA_2_10,CSPA_3_10,Aver_1_10,Aver_2_10,Aver_3_10,desikan_average_none_none,destrieux_average_none_none
0,11.78360630565528,8.640221742185476,6.830799339697858,12.780623847349197,11.982491638741624,11.65492082622421,11.980477041961047,8.85369658476574,7.236239996974189,8.61161818829886,6.638510541818697
