,HE_1_10,HE_2_10,HE_3_10,CSPA_1_10,CSPA_2_10,CSPA_3_10,Aver_1_10,Aver_2_10,Aver_3_10,desikan_average_none_none,destrieux_average_none_none
0,13.671216571469365,10.297746276017074,8.127870161499043,14.606256138676827,13.945391188355782,13.819811862401751,13.916498922673904,10.514383572957218,8.571452284330753,9.679887211356455,7.594087868047604
