,HE_1_10,HE_2_10,HE_3_10,CSPA_1_10,CSPA_2_10,CSPA_3_10,Aver_1_10,Aver_2_10,Aver_3_10,desikan_average_none_none,destrieux_average_none_none
0,13.362316034703948,9.476884945694989,7.3757413962529785,14.58528923293693,13.579333932939328,13.04701965222827,13.586785257041543,9.851282678636151,7.939249357549605,9.489814762545116,7.267596117606132
