,HE_1_10,HE_2_10,HE_3_10,CSPA_1_10,CSPA_2_10,CSPA_3_10,Aver_1_10,Aver_2_10,Aver_3_10,desikan_average_none_none,destrieux_average_none_none
0,12.041850203160665,8.871351727194718,7.075742892067423,12.995865773917428,12.15031921916668,11.839459825734432,12.162357906093256,9.019954771933909,7.436070539045012,8.851448350372403,7.015412315442791
