,HE_1_10,HE_2_10,HE_3_10,CSPA_1_10,CSPA_2_10,CSPA_3_10,Aver_1_10,Aver_2_10,Aver_3_10,desikan_average_none_none,destrieux_average_none_none
0,12.310672037437222,9.041048331010106,7.142091614073335,13.477638720659606,12.510351714217878,12.23508326251396,12.460714279196537,9.201521690020543,7.566651652988118,9.31625449429448,7.020751232357212
