,HE_1_10,HE_2_10,HE_3_10,CSPA_1_10,CSPA_2_10,CSPA_3_10,Aver_1_10,Aver_2_10,Aver_3_10,desikan_average_none_none,destrieux_average_none_none
0,12.171653428459617,9.336779933888286,7.393093827409612,13.11913065266759,12.25787789284958,12.299636372930944,12.26494440869402,9.362373792237252,7.78765795596016,9.14445922066445,7.109911888054763
