,HE_1_10,HE_2_10,HE_3_10,CSPA_1_10,CSPA_2_10,CSPA_3_10,Aver_1_10,Aver_2_10,Aver_3_10,desikan_average_none_none,destrieux_average_none_none
0,12.573548219808819,9.204444776840036,7.2761390342274925,13.638581811623043,12.678622159210244,12.577517083036511,12.656911853955245,9.489877477786512,7.750767263307263,9.08426253364043,7.097958372741955
