,HE_1_10,HE_2_10,HE_3_10,CSPA_1_10,CSPA_2_10,CSPA_3_10,Aver_1_10,Aver_2_10,Aver_3_10,desikan_average_none_none,destrieux_average_none_none
0,12.417548184359623,8.994998120614504,7.099325825888311,13.278071494180514,12.527583044835781,12.349817772292468,12.610755653065004,9.266183345988614,7.69882564243982,8.894766220333183,6.903305128394756
