,HE_1_10,HE_2_10,HE_3_10,CSPA_1_10,CSPA_2_10,CSPA_3_10,Aver_1_10,Aver_2_10,Aver_3_10,desikan_average_none_none,destrieux_average_none_none
0,12.093507030496545,9.140605915530204,7.184007490681442,13.05137215893033,12.268641287993823,12.122513135540045,12.297682000437055,9.395525219475658,7.671234207888266,9.051909599057675,6.980324596211695
