,HE_1_10,HE_2_10,HE_3_10,CSPA_1_10,CSPA_2_10,CSPA_3_10,Aver_1_10,Aver_2_10,Aver_3_10,desikan_average_none_none,destrieux_average_none_none
0,12.858331542074293,9.47138208104699,7.5724974900034105,14.12899100262173,13.117225425976285,12.58012299194944,13.01366228941417,9.740713253411275,8.067800710237998,9.478094493042997,7.437910697506968
