,HE_1_10,HE_2_10,HE_3_10,CSPA_1_10,CSPA_2_10,CSPA_3_10,Aver_1_10,Aver_2_10,Aver_3_10,desikan_average_none_none,destrieux_average_none_none
0,11.091859200779222,8.197904661543504,6.480696132176072,12.157473124959258,11.322057312935678,10.980343909488486,11.222868830553482,8.413519483754486,6.853235583559081,8.069657794855623,6.299380770077417
