,HE_1_10,HE_2_10,HE_3_10,CSPA_1_10,CSPA_2_10,CSPA_3_10,Aver_1_10,Aver_2_10,Aver_3_10,desikan_average_none_none,destrieux_average_none_none
0,13.333581267429496,9.77577659818689,7.898738642926724,14.550751434500636,13.519020965133143,13.15927264169449,13.429626900330067,9.981734767139107,8.32475393487155,9.673503490399032,7.411087621055306
