,HE_1_10,HE_2_10,HE_3_10,CSPA_1_10,CSPA_2_10,CSPA_3_10,Aver_1_10,Aver_2_10,Aver_3_10,desikan_average_none_none,destrieux_average_none_none
0,12.50632747872291,9.039375515216996,7.156657347757194,13.64604509178904,12.674325475419261,12.036079621404836,12.582385593633376,9.324692704697478,7.547982219377811,8.911747671514316,6.952736144946826
