,HE_1_10,HE_2_10,HE_3_10,CSPA_1_10,CSPA_2_10,CSPA_3_10,Aver_1_10,Aver_2_10,Aver_3_10,desikan_average_none_none,destrieux_average_none_none
0,12.244414268514614,9.01962645590483,7.195081890765822,13.28996163774863,12.47691224735916,12.198250170915133,12.435827538828132,9.202407299996063,7.572432600716718,8.891259400152755,7.007485667707353
