,HE_1_10,HE_2_10,HE_3_10,CSPA_1_10,CSPA_2_10,CSPA_3_10,Aver_1_10,Aver_2_10,Aver_3_10,desikan_average_none_none,destrieux_average_none_none
0,14.040558159923881,10.239093645699072,8.06200799599605,15.38831904366357,14.278775738558158,13.805928020342629,14.231678315123798,10.58268912966757,8.62276412461332,10.01904783415067,7.729412810305798
