,HE_1_10,HE_2_10,HE_3_10,CSPA_1_10,CSPA_2_10,CSPA_3_10,Aver_1_10,Aver_2_10,Aver_3_10,desikan_average_none_none,destrieux_average_none_none
0,12.657320649566554,9.42417449262598,7.386867891159054,13.81548148149066,12.86304665426419,12.453455684708695,12.8476208329692,9.796788235916246,7.978244346350692,9.214752664108996,7.186949079930792
