,HE_1_10,HE_2_10,HE_3_10,CSPA_1_10,CSPA_2_10,CSPA_3_10,Aver_1_10,Aver_2_10,Aver_3_10,desikan_average_none_none,destrieux_average_none_none
0,13.055068160578138,9.389584853844712,7.391606588287218,14.1389217603116,13.260604521568826,12.854465657931412,13.23695184792381,9.7104975204039,7.820552094009876,9.287229023182068,7.194242966665049
