,HE_1_10,HE_2_10,HE_3_10,CSPA_1_10,CSPA_2_10,CSPA_3_10,Aver_1_10,Aver_2_10,Aver_3_10,desikan_average_none_none,destrieux_average_none_none
0,13.19377316263086,9.411879936134556,7.4701003026511295,14.279782570669196,13.39710148436015,13.005878559228954,13.358062982369916,9.885537339088982,7.9478252298273855,9.436033629150895,7.264828711758587
