,HE_1_10,HE_2_10,HE_3_10,CSPA_1_10,CSPA_2_10,CSPA_3_10,Aver_1_10,Aver_2_10,Aver_3_10,desikan_average_none_none,destrieux_average_none_none
0,12.20464389660503,9.093205867753563,7.087065640896121,13.248261369642805,12.349392570132396,12.11499034973698,12.323526598799658,9.2301703326855,7.460182711805928,8.809200752560258,6.874787790379638
