,HE_1_10,HE_2_10,HE_3_10,CSPA_1_10,CSPA_2_10,CSPA_3_10,Aver_1_10,Aver_2_10,Aver_3_10,desikan_average_none_none,destrieux_average_none_none
0,12.566911859861715,9.298475580710734,7.347275838141263,13.544262709452545,12.827752352998026,12.604027358428025,12.78602509864397,9.523995688346329,7.7603193029748185,8.95561619734148,6.994787098019466
