,HE_1_10,HE_2_10,HE_3_10,CSPA_1_10,CSPA_2_10,CSPA_3_10,Aver_1_10,Aver_2_10,Aver_3_10,desikan_average_none_none,destrieux_average_none_none
0,12.177732955764617,8.960248050027147,6.931346602267957,13.300477116675578,12.469339087036682,12.021524774237491,12.288595825999936,9.202400323701383,7.4367471681786395,8.742696210393733,6.760564120906635
