,HE_1_10,HE_2_10,HE_3_10,CSPA_1_10,CSPA_2_10,CSPA_3_10,Aver_1_10,Aver_2_10,Aver_3_10,desikan_average_none_none,destrieux_average_none_none
0,12.572271011071912,9.233354519732577,7.319495308705676,13.559643706652242,12.784769773533288,12.362949964030205,12.70614503549569,9.55285054124803,7.786488119406395,9.01900711670279,7.104942171339764
