,HE_1_10,HE_2_10,HE_3_10,CSPA_1_10,CSPA_2_10,CSPA_3_10,Aver_1_10,Aver_2_10,Aver_3_10,desikan_average_none_none,destrieux_average_none_none
0,12.523170955341627,9.271930648375951,7.199444112093644,13.522425729649735,12.657184756133208,12.40194719439832,12.531729682863586,9.485482449299319,7.691392524762017,9.138586885518832,7.112791205636455
