,HE_1_10,HE_2_10,HE_3_10,CSPA_1_10,CSPA_2_10,CSPA_3_10,Aver_1_10,Aver_2_10,Aver_3_10,desikan_average_none_none,destrieux_average_none_none
0,12.019065309747774,8.81931771327011,6.962223667721382,13.210956368628347,12.226941747215816,11.636817708305339,12.157995658401871,9.057837595014652,7.4165943105868735,8.511630745222357,6.644348604465933
