,HE_1_10,HE_2_10,HE_3_10,CSPA_1_10,CSPA_2_10,CSPA_3_10,Aver_1_10,Aver_2_10,Aver_3_10,desikan_average_none_none,destrieux_average_none_none
0,13.583094219995083,9.960747102623646,8.01693840494445,14.749266584458102,13.819765765361852,13.589755995905984,13.882975658910093,10.162074841112913,8.379014437804592,9.988541729925785,7.776835104719391
