,HE_1_10,HE_2_10,HE_3_10,CSPA_1_10,CSPA_2_10,CSPA_3_10,Aver_1_10,Aver_2_10,Aver_3_10,desikan_average_none_none,destrieux_average_none_none
0,12.510519810471775,9.244348842081816,7.22394606980979,13.57090562720292,12.61268219572783,12.484346683272243,12.523931801524212,9.47367066829958,7.750306818330606,9.13078525051332,7.201434099017911
