,HE_1_10,HE_2_10,HE_3_10,CSPA_1_10,CSPA_2_10,CSPA_3_10,Aver_1_10,Aver_2_10,Aver_3_10,desikan_average_none_none,destrieux_average_none_none
0,12.986956286362458,9.551652101039169,7.54406272554308,14.080902179485907,13.188947523105794,13.023441373362564,13.079767459558521,9.719295185862714,7.999693494974077,9.60056998213796,7.27662535919384
