,HE_1_10,HE_2_10,HE_3_10,CSPA_1_10,CSPA_2_10,CSPA_3_10,Aver_1_10,Aver_2_10,Aver_3_10,desikan_average_none_none,destrieux_average_none_none
0,13.87791079047694,10.24633025418446,8.10691439079053,14.942505450765383,14.15749019914644,13.692836565263836,14.036407227014474,10.724289155493613,8.598325750974062,10.023917564371265,7.873790796748225
