,HE_1_10,HE_2_10,HE_3_10,CSPA_1_10,CSPA_2_10,CSPA_3_10,Aver_1_10,Aver_2_10,Aver_3_10,desikan_average_none_none,destrieux_average_none_none
0,12.69320863286703,9.447439944770327,7.456748590755477,13.84018273243394,12.862777863671033,12.661500909868126,12.842985273271998,9.74953289635741,7.86754364046575,9.225050707191858,7.2907071092465054
