,HE_1_10,HE_2_10,HE_3_10,CSPA_1_10,CSPA_2_10,CSPA_3_10,Aver_1_10,Aver_2_10,Aver_3_10,desikan_average_none_none,destrieux_average_none_none
0,12.328536624844599,9.078875069204443,7.13811888933482,13.387397370892776,12.657734671185713,12.041313703887766,12.506241418555506,9.468691842667186,7.6232293404119496,8.820587626956106,6.984052848594832
