,HE_1_10,HE_2_10,HE_3_10,CSPA_1_10,CSPA_2_10,CSPA_3_10,Aver_1_10,Aver_2_10,Aver_3_10,desikan_average_none_none,destrieux_average_none_none
0,12.455416857322142,9.101266361466054,7.202019952395798,13.430810110553187,12.593380123814335,12.405683576352319,12.61802423128137,9.266651482845559,7.5862040871787855,9.109648057797894,7.043929268945584
