,HE_1_10,HE_2_10,HE_3_10,CSPA_1_10,CSPA_2_10,CSPA_3_10,Aver_1_10,Aver_2_10,Aver_3_10,desikan_average_none_none,destrieux_average_none_none
0,13.902215528094114,10.092419401829988,8.03341129655681,14.959972214929355,14.177393152694776,14.068942359854146,14.26758029097285,10.463797669453639,8.627122948885601,10.18590512699112,7.788753267652556
