,HE_1_10,HE_2_10,HE_3_10,CSPA_1_10,CSPA_2_10,CSPA_3_10,Aver_1_10,Aver_2_10,Aver_3_10,desikan_average_none_none,destrieux_average_none_none
0,12.636713922685795,9.133338947568966,7.380147356423664,13.749067291808608,12.852399677920701,12.493024839598338,12.834272829541254,9.559699487027926,7.93122651668293,9.005813938537225,6.996354110367924
