,HE_1_10,HE_2_10,HE_3_10,CSPA_1_10,CSPA_2_10,CSPA_3_10,Aver_1_10,Aver_2_10,Aver_3_10,desikan_average_none_none,destrieux_average_none_none
0,13.24837634129224,10.285984518776342,7.970200873163987,14.224684569376153,13.572130459281725,13.393546508220886,13.464998668035285,10.627749914612272,8.492779759378925,9.544641910003456,7.430824126615936
