,HE_1_10,HE_2_10,HE_3_10,CSPA_1_10,CSPA_2_10,CSPA_3_10,Aver_1_10,Aver_2_10,Aver_3_10,desikan_average_none_none,destrieux_average_none_none
0,11.886568671526474,8.807215197573916,6.953643056628588,13.017504117620579,11.984659961241599,11.623842806006635,12.01141576199521,9.042688941012067,7.425878639121069,8.742734971184861,6.908332888063419
