,HE_1_10,HE_2_10,HE_3_10,CSPA_1_10,CSPA_2_10,CSPA_3_10,Aver_1_10,Aver_2_10,Aver_3_10,desikan_average_none_none,destrieux_average_none_none
0,12.34403970457212,9.286871648123808,7.253248167378909,13.589970785556371,12.71631793821959,12.311320674034667,12.531933730745882,9.500992446999984,7.744494565702261,9.236550568348248,7.087529637672296
