,HE_1_10,HE_2_10,HE_3_10,CSPA_1_10,CSPA_2_10,CSPA_3_10,Aver_1_10,Aver_2_10,Aver_3_10,desikan_average_none_none,destrieux_average_none_none
0,12.172016585849635,9.177285549893847,7.390117805856594,13.119402621163221,12.385841702512604,12.282930302448461,12.315260758010009,9.395040719008659,7.803839109173013,8.933625567976064,6.957429243506844
