,HE_1_10,HE_2_10,HE_3_10,CSPA_1_10,CSPA_2_10,CSPA_3_10,Aver_1_10,Aver_2_10,Aver_3_10,desikan_average_none_none,destrieux_average_none_none
0,12.86066771957508,9.513064475782679,7.365767256874332,13.886638539517268,12.814427934770157,12.55242735365888,12.91314119906184,9.637943259353602,7.899440204481059,9.328165580277084,7.392808187080091
