,HE_1_10,HE_2_10,HE_3_10,CSPA_1_10,CSPA_2_10,CSPA_3_10,Aver_1_10,Aver_2_10,Aver_3_10,desikan_average_none_none,destrieux_average_none_none
0,13.537816949738652,9.83849294619961,7.912135806102181,14.79061875561938,13.686366370443116,13.540640977046886,13.778345694999366,10.235144618141423,8.376121255221864,9.886716353567904,7.811454312506065
