,HE_1_10,HE_2_10,HE_3_10,CSPA_1_10,CSPA_2_10,CSPA_3_10,Aver_1_10,Aver_2_10,Aver_3_10,desikan_average_none_none,destrieux_average_none_none
0,12.526429369055604,9.365822794290791,7.253730753315762,13.707006264665262,12.70315187399397,12.591696585964927,12.678328099327278,9.47146876914898,7.715733587286459,9.365227169254691,7.242223482066828
