,HE_1_10,HE_2_10,HE_3_10,CSPA_1_10,CSPA_2_10,CSPA_3_10,Aver_1_10,Aver_2_10,Aver_3_10,desikan_average_none_none,destrieux_average_none_none
0,12.926876657897614,9.58214452767277,7.549464053031862,13.920369698142867,12.935884846445617,12.704312066908075,13.021944879798257,9.94303844780209,7.989373458100877,9.311032355659727,7.442937608626325
