,HE_1_10,HE_2_10,HE_3_10,CSPA_1_10,CSPA_2_10,CSPA_3_10,Aver_1_10,Aver_2_10,Aver_3_10,desikan_average_none_none,destrieux_average_none_none
0,13.076348846140908,9.516655866330188,7.516490793112873,13.94300661312351,13.26697276543519,13.0604015473446,13.34237234348696,9.732274567862683,8.112955437987699,9.228423497081591,7.072744671813588
