,HE_1_10,HE_2_10,HE_3_10,CSPA_1_10,CSPA_2_10,CSPA_3_10,Aver_1_10,Aver_2_10,Aver_3_10,desikan_average_none_none,destrieux_average_none_none
0,12.666198207670991,9.253363099861382,7.224175504829468,13.72746683300545,12.707691310836688,12.75459517922971,12.852786674618146,9.437152265097437,7.715775712002439,9.536438470527445,7.344664711355935
