,HE_1_10,HE_2_10,HE_3_10,CSPA_1_10,CSPA_2_10,CSPA_3_10,Aver_1_10,Aver_2_10,Aver_3_10,desikan_average_none_none,destrieux_average_none_none
0,12.256331494141508,8.990366161936706,7.087050878361707,13.186746050158936,12.659658699645586,12.114203209488261,12.401966765256695,9.200412929310112,7.452184810328903,8.798266213796417,6.718017047076787
