,HE_1_10,HE_2_10,HE_3_10,CSPA_1_10,CSPA_2_10,CSPA_3_10,Aver_1_10,Aver_2_10,Aver_3_10,desikan_average_none_none,destrieux_average_none_none
0,12.279522180489737,8.841943390443415,6.924062878334423,13.402669934132636,12.391521266234035,11.974725748867796,12.32685244612563,9.006922707189876,7.291006288826802,8.65744481872247,6.915324126857635
