,HE_1_10,HE_2_10,HE_3_10,CSPA_1_10,CSPA_2_10,CSPA_3_10,Aver_1_10,Aver_2_10,Aver_3_10,desikan_average_none_none,destrieux_average_none_none
0,13.729382829791168,9.919818036755684,7.930889708994143,14.93096840142077,13.86582599173493,13.577914268718109,13.917989187606317,10.342384116775102,8.53774049006235,9.975967757724252,7.773454181254669
