,HE_1_10,HE_2_10,HE_3_10,CSPA_1_10,CSPA_2_10,CSPA_3_10,Aver_1_10,Aver_2_10,Aver_3_10,desikan_average_none_none,destrieux_average_none_none
0,12.551422368873117,9.39219439253146,7.303693274343154,13.541673812318123,12.669257786984637,12.73988926133736,12.678018547580828,9.729757501147708,7.865520479950371,8.970358393036213,7.011486670726542
