,HE_1_10,HE_2_10,HE_3_10,CSPA_1_10,CSPA_2_10,CSPA_3_10,Aver_1_10,Aver_2_10,Aver_3_10,desikan_average_none_none,destrieux_average_none_none
0,13.582175301048498,10.087890708179595,8.111595488843811,14.79069596654552,13.705458139372901,13.41903088106929,13.76489284435868,10.317139352475035,8.562931713110418,9.882765955363048,7.6940993791339745
