,HE_1_10,HE_2_10,HE_3_10,CSPA_1_10,CSPA_2_10,CSPA_3_10,Aver_1_10,Aver_2_10,Aver_3_10,desikan_average_none_none,destrieux_average_none_none
0,11.909628632033753,8.736123944729693,6.8285611647444,12.922797902753704,12.084965767104272,11.602285502498965,11.954914055266713,8.878553174114169,7.247075320463952,8.492317064459824,6.5976183006004385
