,HE_1_10,HE_2_10,HE_3_10,CSPA_1_10,CSPA_2_10,CSPA_3_10,Aver_1_10,Aver_2_10,Aver_3_10,desikan_average_none_none,destrieux_average_none_none
0,12.120307836592469,8.854059227011277,6.93887379561686,13.198700929203847,12.332459256400819,12.064113561075569,12.195130472871568,9.204153011486863,7.430878721365701,8.907741809141061,6.995153411551501
