,HE_1_10,HE_2_10,HE_3_10,CSPA_1_10,CSPA_2_10,CSPA_3_10,Aver_1_10,Aver_2_10,Aver_3_10,desikan_average_none_none,destrieux_average_none_none
0,12.122764155031188,8.67229537899677,6.924798747168447,13.192212272948904,12.240971021746903,11.727202227571373,12.259209863683617,8.938409128675302,7.334242033118978,8.597162351630962,6.826519793918684
