,HE_1_10,HE_2_10,HE_3_10,CSPA_1_10,CSPA_2_10,CSPA_3_10,Aver_1_10,Aver_2_10,Aver_3_10,desikan_average_none_none,destrieux_average_none_none
0,12.618691437844545,9.362718919091561,7.442461037385864,13.697282229899443,12.795582513576004,12.438201213869444,12.753245215530065,9.528068249957466,7.911830561442899,9.383430857638267,7.3565309483813115
