,HE_1_10,HE_2_10,HE_3_10,CSPA_1_10,CSPA_2_10,CSPA_3_10,Aver_1_10,Aver_2_10,Aver_3_10,desikan_average_none_none,destrieux_average_none_none
0,11.691341445802793,8.381410340750923,6.528754140762532,12.804505395360003,11.830086077488636,11.51948854041987,11.729503666993972,8.739598658080178,6.994178615002668,8.326518698893775,6.522430251324388
