,HE_1_10,HE_2_10,HE_3_10,CSPA_1_10,CSPA_2_10,CSPA_3_10,Aver_1_10,Aver_2_10,Aver_3_10,desikan_average_none_none,destrieux_average_none_none
0,11.879232961073084,8.66023794313563,6.866595043111023,12.708975450052382,12.193832448536575,11.650913347198932,12.02297332950929,8.97256626517202,7.298238774635917,8.671212514459874,6.777991801663425
