,HE_1_10,HE_2_10,HE_3_10,CSPA_1_10,CSPA_2_10,CSPA_3_10,Aver_1_10,Aver_2_10,Aver_3_10,desikan_average_none_none,destrieux_average_none_none
0,12.614688362609144,9.249734917550585,7.374699143415023,13.604173815936495,12.801033094141626,12.36992100293402,12.762210337583603,9.578676976239967,7.923003412348134,9.086479448605129,7.126016101065141
