,HE_1_10,HE_2_10,HE_3_10,CSPA_1_10,CSPA_2_10,CSPA_3_10,Aver_1_10,Aver_2_10,Aver_3_10,desikan_average_none_none,destrieux_average_none_none
0,13.212648827152307,9.86640980429726,7.852293962879187,14.257836878375354,13.534033015380928,13.030150933966556,13.421079382483958,10.11042086626915,8.29795300291727,9.70597897493059,7.423193605447054
