,HE_1_10,HE_2_10,HE_3_10,CSPA_1_10,CSPA_2_10,CSPA_3_10,Aver_1_10,Aver_2_10,Aver_3_10,desikan_average_none_none,destrieux_average_none_none
0,13.4273211284749,10.078972315378104,7.96106096687748,14.617667385276116,13.724033012561494,13.514917504093072,13.661595443607133,10.216761037809663,8.42009249926926,9.857696364150609,7.628937502878955
