,HE_1_10,HE_2_10,HE_3_10,CSPA_1_10,CSPA_2_10,CSPA_3_10,Aver_1_10,Aver_2_10,Aver_3_10,desikan_average_none_none,destrieux_average_none_none
0,12.036219419432966,8.870642201305296,7.130026537078761,13.136047069654708,12.250302718609932,11.79245930633658,12.147439520928664,9.093885014397022,7.498550886779117,8.71623995454296,6.878655344796224
