,HE_1_10,HE_2_10,HE_3_10,CSPA_1_10,CSPA_2_10,CSPA_3_10,Aver_1_10,Aver_2_10,Aver_3_10,desikan_average_none_none,destrieux_average_none_none
0,13.290430610626887,10.189191272922331,8.170415147910271,14.295294981605867,13.46778742557543,13.411615956943553,13.327494611889978,10.301685343888185,8.566412882705853,9.708959163526092,7.575694592371638
