,HE_1_10,HE_2_10,HE_3_10,CSPA_1_10,CSPA_2_10,CSPA_3_10,Aver_1_10,Aver_2_10,Aver_3_10,desikan_average_none_none,destrieux_average_none_none
0,12.936280551493704,9.751926475883648,7.543132948165017,13.902748920967015,13.000445537306113,12.943715299275627,13.146208621352741,10.033079577664783,8.174865267266323,9.475894294877332,7.384751311312702
