,HE_1_10,HE_2_10,HE_3_10,CSPA_1_10,CSPA_2_10,CSPA_3_10,Aver_1_10,Aver_2_10,Aver_3_10,desikan_average_none_none,destrieux_average_none_none
0,12.880424691015223,9.070647877765575,7.048907743776905,14.050180189492096,12.767993041058434,12.59323740510288,12.917651680450586,9.331722608316607,7.5355376357433785,9.307788907244491,7.12334907621522
