,HE_1_10,HE_2_10,HE_3_10,CSPA_1_10,CSPA_2_10,CSPA_3_10,Aver_1_10,Aver_2_10,Aver_3_10,desikan_average_none_none,destrieux_average_none_none
0,12.950540915432567,9.515196064175084,7.50115290389131,13.972218328427715,13.081363911819277,12.772963466418323,13.152961711325329,9.754706218176889,8.020991552414387,9.163675223639412,7.095344139968731
