,HE_1_10,HE_2_10,HE_3_10,CSPA_1_10,CSPA_2_10,CSPA_3_10,Aver_1_10,Aver_2_10,Aver_3_10,desikan_average_none_none,destrieux_average_none_none
0,12.980563756993606,9.606708072572276,7.6620026096612195,14.175955317566421,13.354239652806244,13.156804312568118,13.255699459357743,9.88459620034582,8.07145101022326,9.601393968697753,7.455734688605286
