,HE_1_10,HE_2_10,HE_3_10,CSPA_1_10,CSPA_2_10,CSPA_3_10,Aver_1_10,Aver_2_10,Aver_3_10,desikan_average_none_none,destrieux_average_none_none
0,11.599459717211484,8.629351663773457,6.770763611206843,12.720796902323519,11.677789439295113,11.399295596536327,11.65897747675145,8.988608813195507,7.248991443105946,8.35713680894428,6.6626702593154
