,HE_1_10,HE_2_10,HE_3_10,CSPA_1_10,CSPA_2_10,CSPA_3_10,Aver_1_10,Aver_2_10,Aver_3_10,desikan_average_none_none,destrieux_average_none_none
0,12.662802921206463,9.388255999112669,7.296767496283874,13.80572390290202,12.729548525345567,12.550230396324402,12.796009967157213,9.58670813571332,7.779142121551478,9.288336471577393,7.30322509969181
