,HE_1_10,HE_2_10,HE_3_10,CSPA_1_10,CSPA_2_10,CSPA_3_10,Aver_1_10,Aver_2_10,Aver_3_10,desikan_average_none_none,destrieux_average_none_none
0,14.05321341444934,10.574314968840554,8.322558073397955,15.046259062830229,14.132146617035453,14.099739103269206,14.22536557397402,10.788473757799542,8.860388866343973,9.874983403211747,7.738050892886816
