,HE_1_10,HE_2_10,HE_3_10,CSPA_1_10,CSPA_2_10,CSPA_3_10,Aver_1_10,Aver_2_10,Aver_3_10,desikan_average_none_none,destrieux_average_none_none
0,12.175511851979461,9.151304366183002,7.33791665414061,13.091251413940629,12.372831533697113,11.957088993912588,12.291464054578558,9.416498979794422,7.738548362347703,8.69026566660072,6.783609484757631
