,HE_1_10,HE_2_10,HE_3_10,CSPA_1_10,CSPA_2_10,CSPA_3_10,Aver_1_10,Aver_2_10,Aver_3_10,desikan_average_none_none,destrieux_average_none_none
0,12.450808285815086,9.049900236230592,7.163778578864452,13.559542506362787,12.475321435115694,12.280344798530528,12.568202124730014,9.306275101566037,7.629784625546713,8.97471684088203,7.031843529917196
