,HE_1_10,HE_2_10,HE_3_10,CSPA_1_10,CSPA_2_10,CSPA_3_10,Aver_1_10,Aver_2_10,Aver_3_10,desikan_average_none_none,destrieux_average_none_none
0,12.371867248217834,8.893764414051077,6.927886445197799,13.500188779050378,12.56148218132766,12.076330507880177,12.561896598513268,9.197142491331743,7.506654990049178,8.846579981312246,6.928423252266784
