,HE_1_10,HE_2_10,HE_3_10,CSPA_1_10,CSPA_2_10,CSPA_3_10,Aver_1_10,Aver_2_10,Aver_3_10,desikan_average_none_none,destrieux_average_none_none
0,12.919177177388708,9.36406013692749,7.376640866314742,14.243819148075788,13.231568778655141,13.15256088450889,13.208355778538559,9.620397910883849,7.758972023576892,9.440930215470543,7.396832716895878
