,HE_1_10,HE_2_10,HE_3_10,CSPA_1_10,CSPA_2_10,CSPA_3_10,Aver_1_10,Aver_2_10,Aver_3_10,desikan_average_none_none,destrieux_average_none_none
0,12.808824515933676,9.541930445206932,7.455761518224128,13.833448608459113,13.130834964409265,12.697969246833635,12.947100066289506,9.944576847980839,8.079686146054685,9.410299963419742,7.366932404978333
