,HE_1_10,HE_2_10,HE_3_10,CSPA_1_10,CSPA_2_10,CSPA_3_10,Aver_1_10,Aver_2_10,Aver_3_10,desikan_average_none_none,destrieux_average_none_none
0,13.307384445705566,10.221646945464835,7.99453103455055,14.442382744420495,13.378812491332885,13.292715020769453,13.490936323748524,10.45402449811352,8.50283460984925,9.514070403424858,7.667056138682386
