,HE_1_10,HE_2_10,HE_3_10,CSPA_1_10,CSPA_2_10,CSPA_3_10,Aver_1_10,Aver_2_10,Aver_3_10,desikan_average_none_none,destrieux_average_none_none
0,11.329018035877176,8.334279758287419,6.701755116291801,12.251744739458992,11.346325601572065,10.990485952181547,11.476421237142048,8.553579689376873,7.077239075001095,8.234254080479321,6.509693432565609
