,HE_1_10,HE_2_10,HE_3_10,CSPA_1_10,CSPA_2_10,CSPA_3_10,Aver_1_10,Aver_2_10,Aver_3_10,desikan_average_none_none,destrieux_average_none_none
0,13.156198862090198,9.882334376191626,7.964720005065894,14.259655824872045,13.452749992509673,13.287474554729075,13.41095009697338,10.090929441856545,8.369909988813962,9.74961034012754,7.417367453290278
