,HE_1_10,HE_2_10,HE_3_10,CSPA_1_10,CSPA_2_10,CSPA_3_10,Aver_1_10,Aver_2_10,Aver_3_10,desikan_average_none_none,destrieux_average_none_none
0,12.223807659289864,9.125690349653349,7.185680861170561,13.309833004196738,12.312945482731571,12.054400590900727,12.414042178088625,9.261336705186373,7.701822637697307,9.090322759643458,7.167570169226646
