,HE_1_10,HE_2_10,HE_3_10,CSPA_1_10,CSPA_2_10,CSPA_3_10,Aver_1_10,Aver_2_10,Aver_3_10,desikan_average_none_none,destrieux_average_none_none
0,12.540817916301608,9.351787436099219,7.329496316848553,13.743279565663965,12.858150265454404,12.844558432495235,12.698581844360577,9.566808547227708,7.7420836962980735,9.047285059745706,7.082203710898845
