,HE_1_10,HE_2_10,HE_3_10,CSPA_1_10,CSPA_2_10,CSPA_3_10,Aver_1_10,Aver_2_10,Aver_3_10,desikan_average_none_none,destrieux_average_none_none
0,13.538736500446198,9.925595190334015,7.855340742389747,14.638899815688294,13.723194615455517,13.469937080422321,13.769318191952129,10.081855796611164,8.280051763484504,9.92472930972819,7.722687182550954
