,HE_1_10,HE_2_10,HE_3_10,CSPA_1_10,CSPA_2_10,CSPA_3_10,Aver_1_10,Aver_2_10,Aver_3_10,desikan_average_none_none,destrieux_average_none_none
0,12.088996169097499,8.861038640858148,7.066699776255666,13.153334965886804,12.22276939810346,11.971782768483806,12.167849836834128,9.110927571964625,7.455838785357255,8.820505585965,6.973495270766882
