,HE_1_10,HE_2_10,HE_3_10,CSPA_1_10,CSPA_2_10,CSPA_3_10,Aver_1_10,Aver_2_10,Aver_3_10,desikan_average_none_none,destrieux_average_none_none
0,13.425224939451185,9.791046178815016,7.810245995633354,14.598041766733719,13.549306738493371,13.202396409641745,13.607900273578705,10.073342135384584,8.227637368293642,9.711873573360936,7.730513012250229
