,HE_1_10,HE_2_10,HE_3_10,CSPA_1_10,CSPA_2_10,CSPA_3_10,Aver_1_10,Aver_2_10,Aver_3_10,desikan_average_none_none,destrieux_average_none_none
0,13.378679326121029,9.708257982965325,7.636558169875517,14.53213263514685,13.581463380891611,13.264682506548793,13.641972033490736,10.10659340758013,8.19974817766081,9.372676873660383,7.463386835009493
