,HE_1_10,HE_2_10,HE_3_10,CSPA_1_10,CSPA_2_10,CSPA_3_10,Aver_1_10,Aver_2_10,Aver_3_10,desikan_average_none_none,destrieux_average_none_none
0,11.849730804839426,8.332040998820924,6.576881834250703,12.675606755568943,11.97089800973854,11.479273207373792,12.041067718395977,8.622261708615158,6.985471478452153,8.42014410507403,6.485355750947796
