,HE_1_10,HE_2_10,HE_3_10,CSPA_1_10,CSPA_2_10,CSPA_3_10,Aver_1_10,Aver_2_10,Aver_3_10,desikan_average_none_none,destrieux_average_none_none
0,12.49325099368362,9.197336224522793,7.4132692799756255,13.691957007763618,12.680708969092324,12.660563035971073,12.614809201713404,9.4903303916236,7.7904240648822825,9.085173125385243,7.149796631358011
