,HE_1_10,HE_2_10,HE_3_10,CSPA_1_10,CSPA_2_10,CSPA_3_10,Aver_1_10,Aver_2_10,Aver_3_10,desikan_average_none_none,destrieux_average_none_none
0,10.919689087138275,8.182284826915525,6.443534347589966,11.818317691355732,10.907501828631938,10.789342416842471,10.975435525490578,8.453913630488385,6.799279587932046,8.03176878708664,6.43704090709688
