,HE_1_10,HE_2_10,HE_3_10,CSPA_1_10,CSPA_2_10,CSPA_3_10,Aver_1_10,Aver_2_10,Aver_3_10,desikan_average_none_none,destrieux_average_none_none
0,12.128911717184637,9.08280758068815,7.226918614885897,13.027828033419768,12.184582560186811,12.185289993647887,12.233202059874248,9.402999903910803,7.7359647441790775,8.735023589108495,6.930287867948517
