,HE_1_10,HE_2_10,HE_3_10,CSPA_1_10,CSPA_2_10,CSPA_3_10,Aver_1_10,Aver_2_10,Aver_3_10,desikan_average_none_none,destrieux_average_none_none
0,12.011596725936577,8.862245809077137,7.090633907251491,13.193889776947932,12.138657977423453,11.886038141359037,12.135241107763495,9.039886405289677,7.4399757180444555,8.97414883691612,7.037231744837562
