,HE_1_10,HE_2_10,HE_3_10,CSPA_1_10,CSPA_2_10,CSPA_3_10,Aver_1_10,Aver_2_10,Aver_3_10,desikan_average_none_none,destrieux_average_none_none
0,12.555065279380797,9.177554636619261,7.105781508357102,13.691044839337945,12.767458230715105,12.268030348369356,12.65904298868639,9.421449861219905,7.613611553715066,9.185753034929245,7.205098386030074
