,HE_1_10,HE_2_10,HE_3_10,CSPA_1_10,CSPA_2_10,CSPA_3_10,Aver_1_10,Aver_2_10,Aver_3_10,desikan_average_none_none,destrieux_average_none_none
0,12.48574413795781,9.345516002306113,7.350829808081787,13.565036780036893,12.757412330100495,12.454775329445079,12.497655180944982,9.45197248914396,7.7103565569484465,8.958244269834566,7.092578257446295
