,HE_1_10,HE_2_10,HE_3_10,CSPA_1_10,CSPA_2_10,CSPA_3_10,Aver_1_10,Aver_2_10,Aver_3_10,desikan_average_none_none,destrieux_average_none_none
0,12.33562024086705,9.095252377807638,7.160273205061758,13.463265684368823,12.59794970196844,12.140643395338174,12.459661204176323,9.357651584161486,7.71541314459504,8.957832650103358,6.99429681718303
