,HE_1_10,HE_2_10,HE_3_10,CSPA_1_10,CSPA_2_10,CSPA_3_10,Aver_1_10,Aver_2_10,Aver_3_10,desikan_average_none_none,destrieux_average_none_none
0,13.086585062343232,9.680804679942073,7.642354675185747,14.227860908483187,13.295727887626331,12.897732631715744,13.313451706353193,9.872695686457904,8.062697399899276,9.586542670320519,7.456009638923824
