,HE_1_10,HE_2_10,HE_3_10,CSPA_1_10,CSPA_2_10,CSPA_3_10,Aver_1_10,Aver_2_10,Aver_3_10,desikan_average_none_none,destrieux_average_none_none
0,12.7826095592084,9.539819218960819,7.544446584641943,13.794637735131403,12.784028520005162,12.785186063954924,12.919610561303665,9.785144582118612,8.199586805170455,9.322189652141509,7.453366051686455
