,HE_1_10,HE_2_10,HE_3_10,CSPA_1_10,CSPA_2_10,CSPA_3_10,Aver_1_10,Aver_2_10,Aver_3_10,desikan_average_none_none,destrieux_average_none_none
0,13.191282135018282,9.640896063896642,7.5928464528865565,14.077809384700508,13.334897370198538,13.04791811759415,13.326672869334779,9.911936156060829,8.152339277797735,9.754802523991147,7.59070475346837
