,HE_1_10,HE_2_10,HE_3_10,CSPA_1_10,CSPA_2_10,CSPA_3_10,Aver_1_10,Aver_2_10,Aver_3_10,desikan_average_none_none,destrieux_average_none_none
0,12.260124687252253,9.036470529715745,7.1890537405993,13.384338157859995,12.485516065647035,12.328390809867198,12.436074746070659,9.33738439396641,7.725359168440307,8.784397687411575,6.732195098799655
