,HE_1_10,HE_2_10,HE_3_10,CSPA_1_10,CSPA_2_10,CSPA_3_10,Aver_1_10,Aver_2_10,Aver_3_10,desikan_average_none_none,destrieux_average_none_none
0,13.298184414244819,9.775708025101858,7.638714480588087,14.456298199327994,13.515716156837751,13.145247513738378,13.560973503447986,9.957209123810992,8.128971535319485,9.592094379872076,7.446059494050693
