,HE_1_10,HE_2_10,HE_3_10,CSPA_1_10,CSPA_2_10,CSPA_3_10,Aver_1_10,Aver_2_10,Aver_3_10,desikan_average_none_none,destrieux_average_none_none
0,12.078950986480834,9.088126352408427,7.057373861924168,12.95060762049075,12.288308788883041,11.776534289336592,12.125789206463091,9.346665805436812,7.565674476745174,8.725339412547207,6.853344683511332
