,HE_1_10,HE_2_10,HE_3_10,CSPA_1_10,CSPA_2_10,CSPA_3_10,Aver_1_10,Aver_2_10,Aver_3_10,desikan_average_none_none,destrieux_average_none_none
0,12.31910582073635,9.232566351647053,7.238131621061874,13.43629734087073,12.495810644871856,12.380944283207185,12.430454944301157,9.4466188763512,7.6651917184380345,8.840051266204329,7.001876087396368
