,HE_1_10,HE_2_10,HE_3_10,CSPA_1_10,CSPA_2_10,CSPA_3_10,Aver_1_10,Aver_2_10,Aver_3_10,desikan_average_none_none,destrieux_average_none_none
0,12.563528247475933,9.342201592488747,7.428721863683098,13.510328195003652,12.670533418743965,12.345158763587154,12.650551490739522,9.685384726511257,7.949969582847629,8.953458392950294,7.12423054842973
