,HE_1_10,HE_2_10,HE_3_10,CSPA_1_10,CSPA_2_10,CSPA_3_10,Aver_1_10,Aver_2_10,Aver_3_10,desikan_average_none_none,destrieux_average_none_none
0,11.983813924195015,8.690599102002647,6.946375975742006,12.936007978376654,12.258282313271097,11.912660114944444,12.202537306945697,9.0366990436266,7.438795563061907,8.902128181139537,6.916767083511383
