,HE_1_10,HE_2_10,HE_3_10,CSPA_1_10,CSPA_2_10,CSPA_3_10,Aver_1_10,Aver_2_10,Aver_3_10,desikan_average_none_none,destrieux_average_none_none
0,12.68515990033741,9.342740291590722,7.296212588723361,13.790275637343063,12.730256937781103,12.339011292071671,12.688075373937213,9.52254411379382,7.751181665837706,9.009539832628295,7.238578764013765
