,HE_1_10,HE_2_10,HE_3_10,CSPA_1_10,CSPA_2_10,CSPA_3_10,Aver_1_10,Aver_2_10,Aver_3_10,desikan_average_none_none,destrieux_average_none_none
0,13.839437429053127,10.537421541413785,8.229881733250513,14.976613744853621,13.992412295423543,13.887393351686656,13.974693010614336,10.68717585817648,8.763095556952134,9.886651691364293,7.753801851105279
