,HE_1_10,HE_2_10,HE_3_10,CSPA_1_10,CSPA_2_10,CSPA_3_10,Aver_1_10,Aver_2_10,Aver_3_10,desikan_average_none_none,destrieux_average_none_none
0,11.033210273841789,8.113612494296367,6.361997799766974,11.93081000126812,11.150382853462267,10.785077375544942,11.156771456952512,8.409964216540034,6.821050834491579,7.946542040680915,6.469725705326257
