,HE_1_10,HE_2_10,HE_3_10,CSPA_1_10,CSPA_2_10,CSPA_3_10,Aver_1_10,Aver_2_10,Aver_3_10,desikan_average_none_none,destrieux_average_none_none
0,13.479247454080207,9.786827674067784,7.785349400398688,14.699650715384116,13.81207143487073,13.630311819905948,13.624492452435925,10.069263295796015,8.310075823402698,9.523067834549742,7.346592159801617
