,HE_1_10,HE_2_10,HE_3_10,CSPA_1_10,CSPA_2_10,CSPA_3_10,Aver_1_10,Aver_2_10,Aver_3_10,desikan_average_none_none,destrieux_average_none_none
0,12.56717991399908,9.502927552996105,7.408951348229697,13.771057501755456,12.642102827795345,12.74955329097044,12.692183274749773,9.57058573170768,7.836450548133199,9.457616971732895,7.495243275995211
