,HE_1_10,HE_2_10,HE_3_10,CSPA_1_10,CSPA_2_10,CSPA_3_10,Aver_1_10,Aver_2_10,Aver_3_10,desikan_average_none_none,destrieux_average_none_none
0,13.148130365017764,9.681129774362844,7.573122305888698,14.151215522005328,13.200699591021161,13.027504284956287,13.400753071507717,9.978360863935896,8.105148468867435,9.358292908571606,7.378942312400041
