,HE_1_10,HE_2_10,HE_3_10,CSPA_1_10,CSPA_2_10,CSPA_3_10,Aver_1_10,Aver_2_10,Aver_3_10,desikan_average_none_none,destrieux_average_none_none
0,13.452054265641928,10.225656022379114,8.125397043590162,14.557868823595545,13.621707147309381,13.267728853731054,13.609365335210686,10.50365998135887,8.663369999154456,9.774629985475867,7.673843484577619
