,HE_1_10,HE_2_10,HE_3_10,CSPA_1_10,CSPA_2_10,CSPA_3_10,Aver_1_10,Aver_2_10,Aver_3_10,desikan_average_none_none,destrieux_average_none_none
0,13.069379141323676,9.571407544307243,7.557179629117799,14.1385490649251,13.310920014581605,12.942564441824791,13.229584758661908,9.804700912425961,8.0800808589846,9.596897798880821,7.332576667357465
