,HE_1_10,HE_2_10,HE_3_10,CSPA_1_10,CSPA_2_10,CSPA_3_10,Aver_1_10,Aver_2_10,Aver_3_10,desikan_average_none_none,destrieux_average_none_none
0,13.304977332448233,9.783589505718309,7.524760309960395,14.450865760694633,13.500096079889978,13.047021838202882,13.4273261243353,10.092879487129704,8.271018824534085,9.349440849604088,7.414504935887112
