,HE_1_10,HE_2_10,HE_3_10,CSPA_1_10,CSPA_2_10,CSPA_3_10,Aver_1_10,Aver_2_10,Aver_3_10,desikan_average_none_none,destrieux_average_none_none
0,13.96478261181451,10.040197491246886,8.092206929264155,15.197520941339304,14.053202528735662,13.945662573049372,14.169609031406695,10.40585948098279,8.560016408512343,9.889969157899994,7.752733005097441
