,HE_1_10,HE_2_10,HE_3_10,CSPA_1_10,CSPA_2_10,CSPA_3_10,Aver_1_10,Aver_2_10,Aver_3_10,desikan_average_none_none,destrieux_average_none_none
0,12.435091579777398,9.327921354421497,7.4088156073907205,13.475297341136764,12.583723601024772,12.502012897184313,12.58296985420346,9.546905646072892,7.8193921260829,8.900005811718426,7.02290709789899
