,HE_1_10,HE_2_10,HE_3_10,CSPA_1_10,CSPA_2_10,CSPA_3_10,Aver_1_10,Aver_2_10,Aver_3_10,desikan_average_none_none,destrieux_average_none_none
0,12.20681202189354,9.121900720038797,7.265815014577835,13.043275834828718,12.267840216303835,12.104639807963682,12.330261761585701,9.472576751449422,7.721558771659111,8.900215344472981,6.955564334372284
