,HE_1_10,HE_2_10,HE_3_10,CSPA_1_10,CSPA_2_10,CSPA_3_10,Aver_1_10,Aver_2_10,Aver_3_10,desikan_average_none_none,destrieux_average_none_none
0,13.2513468264127,9.32363314396205,7.428840003972648,14.42292193610445,13.307345679034894,12.802367786420733,13.306444694283602,9.700483999309926,7.812619279640134,9.435051497498906,7.45011494212213
