,HE_1_10,HE_2_10,HE_3_10,CSPA_1_10,CSPA_2_10,CSPA_3_10,Aver_1_10,Aver_2_10,Aver_3_10,desikan_average_none_none,destrieux_average_none_none
0,11.698116406271582,8.74711197108435,6.83008251222781,12.74731708100214,11.85436240175426,11.510545627014327,11.696385577773356,8.933379761153105,7.288194328476277,8.332013782085259,6.561212622848447
