,HE_1_10,HE_2_10,HE_3_10,CSPA_1_10,CSPA_2_10,CSPA_3_10,Aver_1_10,Aver_2_10,Aver_3_10,desikan_average_none_none,destrieux_average_none_none
0,11.645828635457544,8.707585128347663,6.775427772963705,12.679532246138775,11.798701245043938,11.514450860515344,11.77036711028221,8.922735947292715,7.101715295537108,8.267406376069985,6.592683790823823
