,HE_1_10,HE_2_10,HE_3_10,CSPA_1_10,CSPA_2_10,CSPA_3_10,Aver_1_10,Aver_2_10,Aver_3_10,desikan_average_none_none,destrieux_average_none_none
0,14.009683746065225,10.57282799092661,8.3144544542469,14.943338215406024,14.137450725002374,13.825166051503547,14.105558425167315,10.846422081818247,8.947052118953565,10.097983229260741,7.922252896114249
