,HE_1_10,HE_2_10,HE_3_10,CSPA_1_10,CSPA_2_10,CSPA_3_10,Aver_1_10,Aver_2_10,Aver_3_10,desikan_average_none_none,destrieux_average_none_none
0,13.664815735863375,10.129643552479923,7.9964393775841485,14.89903076388367,13.972213591353604,13.761473160519891,13.842810931545365,10.27222693524724,8.484460935819142,10.074369568051045,7.721413690779352
