,HE_1_10,HE_2_10,HE_3_10,CSPA_1_10,CSPA_2_10,CSPA_3_10,Aver_1_10,Aver_2_10,Aver_3_10,desikan_average_none_none,destrieux_average_none_none
0,11.109177303613269,8.32317923231996,6.536200468574471,12.11214949210812,11.17517070625461,10.808219193701623,11.20696422562399,8.528472210411122,6.976754024969128,8.261451312168823,6.560879556640642
