,HE_1_10,HE_2_10,HE_3_10,CSPA_1_10,CSPA_2_10,CSPA_3_10,Aver_1_10,Aver_2_10,Aver_3_10,desikan_average_none_none,destrieux_average_none_none
0,12.114095966870144,8.738493345877052,6.80597080336996,13.1886426572771,12.256816245449526,11.857812950652526,12.333244435987055,9.063024411527207,7.21851301707721,8.538788911532693,6.7283576707404285
