,HE_1_10,HE_2_10,HE_3_10,CSPA_1_10,CSPA_2_10,CSPA_3_10,Aver_1_10,Aver_2_10,Aver_3_10,desikan_average_none_none,destrieux_average_none_none
0,13.531752769535984,10.041993641808677,7.921139392625627,14.770759940100165,13.692365991480024,13.352735293993062,13.662915267675078,10.181943613443083,8.493550920332652,9.692997294341902,7.649025049696978
