,HE_1_10,HE_2_10,HE_3_10,CSPA_1_10,CSPA_2_10,CSPA_3_10,Aver_1_10,Aver_2_10,Aver_3_10,desikan_average_none_none,destrieux_average_none_none
0,12.617550380606591,9.370625575198083,7.355048054802897,13.554240527599251,12.89007590537001,12.419377763520814,12.823782076059196,9.648853412771889,7.8756189259781175,9.10518689969862,7.085747366445079
