,HE_1_10,HE_2_10,HE_3_10,CSPA_1_10,CSPA_2_10,CSPA_3_10,Aver_1_10,Aver_2_10,Aver_3_10,desikan_average_none_none,destrieux_average_none_none
0,13.569163270778297,9.88112049410923,7.732056030458631,14.713223744242857,13.52473094564261,13.534934363303504,13.715030288733876,10.164461427216164,8.31615104891613,10.114236122646895,7.87526960977594
