,HE_1_10,HE_2_10,HE_3_10,CSPA_1_10,CSPA_2_10,CSPA_3_10,Aver_1_10,Aver_2_10,Aver_3_10,desikan_average_none_none,destrieux_average_none_none
0,11.684917361508724,8.321290330790415,6.435240320290554,12.821535579472883,11.697745060861878,11.35146768074043,11.845648897557979,8.671527531049255,6.979456996076752,8.204095643717498,6.384471229874796
