,HE_1_10,HE_2_10,HE_3_10,CSPA_1_10,CSPA_2_10,CSPA_3_10,Aver_1_10,Aver_2_10,Aver_3_10,desikan_average_none_none,destrieux_average_none_none
0,11.928757777172207,8.666175604788455,6.789278731323233,12.898026513809032,12.161830778284166,11.579369777046502,12.077767338513546,9.027336200637285,7.2991545366179915,8.68849784699584,6.759840793517466
