,HE_1_10,HE_2_10,HE_3_10,CSPA_1_10,CSPA_2_10,CSPA_3_10,Aver_1_10,Aver_2_10,Aver_3_10,desikan_average_none_none,destrieux_average_none_none
0,11.992290309116457,8.631419803978378,6.778363895160227,13.104822926612977,12.102945966122375,11.887394738918161,12.041089223533252,8.953461884163051,7.257557215644928,8.694930218112633,6.624164252950696
