,HE_1_10,HE_2_10,HE_3_10,CSPA_1_10,CSPA_2_10,CSPA_3_10,Aver_1_10,Aver_2_10,Aver_3_10,desikan_average_none_none,destrieux_average_none_none
0,12.11587312563385,9.178391087839493,7.281456474481985,13.094091769623022,12.374783574744358,12.336860101958214,12.356411611084233,9.320504067244148,7.684151532006095,8.97740268524397,7.082018994831879
