,HE_1_10,HE_2_10,HE_3_10,CSPA_1_10,CSPA_2_10,CSPA_3_10,Aver_1_10,Aver_2_10,Aver_3_10,desikan_average_none_none,destrieux_average_none_none
0,12.810236119324294,9.337428953729939,7.3015946990572225,13.71939059887068,12.991621438985705,12.757032085658658,12.99318343656143,9.579004106626543,7.858771185326512,8.863795469695466,7.097174928373871
