,HE_1_10,HE_2_10,HE_3_10,CSPA_1_10,CSPA_2_10,CSPA_3_10,Aver_1_10,Aver_2_10,Aver_3_10,desikan_average_none_none,destrieux_average_none_none
0,13.0949233025953,9.565082013899083,7.528600777317926,14.187321511333826,13.338423180955257,12.767636954551682,13.373966497455278,10.019734438101619,8.149680282082478,9.143404416898607,7.117948220912169
