,HE_1_10,HE_2_10,HE_3_10,CSPA_1_10,CSPA_2_10,CSPA_3_10,Aver_1_10,Aver_2_10,Aver_3_10,desikan_average_none_none,destrieux_average_none_none
0,12.530750486905333,9.329660020092486,7.335119000764469,13.560550168478423,12.87485627683056,12.51936967301199,12.716398618219607,9.54645327759198,7.897167646116563,9.022638371675258,7.052951528491249
