,HE_1_10,HE_2_10,HE_3_10,CSPA_1_10,CSPA_2_10,CSPA_3_10,Aver_1_10,Aver_2_10,Aver_3_10,desikan_average_none_none,destrieux_average_none_none
0,11.996633943494311,8.924023304815144,7.017091347750596,13.12440037365128,12.246973600000379,11.649800498783902,12.239659927278375,9.18405706486549,7.604342459018071,8.643530260119269,6.736895679355169
