,HE_1_10,HE_2_10,HE_3_10,CSPA_1_10,CSPA_2_10,CSPA_3_10,Aver_1_10,Aver_2_10,Aver_3_10,desikan_average_none_none,destrieux_average_none_none
0,11.667860642801918,8.730618353765264,7.019259458347377,12.643437937479874,11.908969724365717,11.569394866189008,11.90219815788968,9.032377814782517,7.412141230453655,8.626346837582428,6.837463771492955
