,HE_1_10,HE_2_10,HE_3_10,CSPA_1_10,CSPA_2_10,CSPA_3_10,Aver_1_10,Aver_2_10,Aver_3_10,desikan_average_none_none,destrieux_average_none_none
0,14.019053510234802,10.333873161629073,8.198156323122117,15.26845298281213,14.317343582995019,13.95331394213284,14.167767695619704,10.654514694100893,8.7511271910092,10.099114272646501,7.859230785676948
