,HE_1_10,HE_2_10,HE_3_10,CSPA_1_10,CSPA_2_10,CSPA_3_10,Aver_1_10,Aver_2_10,Aver_3_10,desikan_average_none_none,destrieux_average_none_none
0,12.582299572423354,9.370385805028738,7.531119347311672,13.758997749383935,12.705802787519858,12.43585144557128,12.617439032807237,9.580827648597841,7.874819778008585,9.060554560830452,7.217862180747364
