,HE_1_10,HE_2_10,HE_3_10,CSPA_1_10,CSPA_2_10,CSPA_3_10,Aver_1_10,Aver_2_10,Aver_3_10,desikan_average_none_none,destrieux_average_none_none
0,11.33208273620015,8.691445242901171,6.769897424515534,12.295700207421193,11.325103129574424,11.402967577969083,11.351696886539091,8.82126362860018,7.186485878931615,8.210016411614784,6.6785984334949875
