,HE_1_10,HE_2_10,HE_3_10,CSPA_1_10,CSPA_2_10,CSPA_3_10,Aver_1_10,Aver_2_10,Aver_3_10,desikan_average_none_none,destrieux_average_none_none
0,12.354217905077263,9.085666979121102,7.260767355568156,13.557915513861305,12.549379338675312,12.391139844385195,12.576040519570782,9.322780789181898,7.6519679204178646,8.997281209651966,7.093282859619407
