,HE_1_10,HE_2_10,HE_3_10,CSPA_1_10,CSPA_2_10,CSPA_3_10,Aver_1_10,Aver_2_10,Aver_3_10,desikan_average_none_none,destrieux_average_none_none
0,11.871520291188121,8.966865507610533,7.103026172855998,12.921778621704398,11.989857785008445,11.86455952529617,12.082539203316252,9.102243272739294,7.532779044628783,8.66738419164119,6.990573341680264
