,HE_1_10,HE_2_10,HE_3_10,CSPA_1_10,CSPA_2_10,CSPA_3_10,Aver_1_10,Aver_2_10,Aver_3_10,desikan_average_none_none,destrieux_average_none_none
0,12.145822267448093,8.93888459412499,7.137411441431521,13.11292202646716,12.336077176703665,11.925557618988835,12.132750419776047,9.09518517207301,7.419496213773854,8.82801609846141,6.918447463160786
