,HE_1_10,HE_2_10,HE_3_10,CSPA_1_10,CSPA_2_10,CSPA_3_10,Aver_1_10,Aver_2_10,Aver_3_10,desikan_average_none_none,destrieux_average_none_none
0,11.731670568682578,8.739211266091207,6.930539797448746,12.563293837994896,11.910040897429909,11.527661213127647,11.885776929059693,8.981985885651087,7.394150787490601,8.370863202372435,6.676009192995686
